위도,경도,규모,cluster
54.449,-161.4835,3.8,1
-36.5495,179.9806,4.1,0
28.0575,128.2765,4.5,0
66.3199,-154.7163,3.3,1
-31.6206,-177.1656,5.3,0
51.9614,178.3048,3.4,1
-30.5055,59.8736,5.4,0
45.3253,150.4147,4.6,2
31.63830216,-104.4201385,3.1,1
-59.4524,-25.8138,5.0,2
-23.0643,172.0272,4.3,0
-7.1687,155.4125,4.1,0
-34.1158,-178.7609,4.6,0
-58.7905,-25.2951,5.0,2
-44.2286,-79.0514,5.1,0
-7.516,147.1755,4.4,2
17.95,-67.0186,3.17,1
-30.3975,-177.6518,4.7,0
26.9269,141.4383,4.3,2
29.6636,131.0354,4.4,0
17.5969,-93.6342,4.0,0
8.6069,-83.2363,4.6,0
-30.292,-177.1561,4.8,0
33.6241,91.0903,4.0,1
55.8895,163.0294,5.0,2
-7.8548,-13.6248,4.5,0
13.57,-91.1724,4.4,2
-20.6853,-175.4588,4.8,0
-6.6266,120.7417,4.8,0
47.6906,154.3413,4.9,2
-15.6226,-177.685,4.9,0
-0.5539,-20.3708,4.4,0
7.6647,-36.116,4.5,0
9.0062,-82.7972,4.0,1
7.1856,94.3492,4.4,0
53.365,-160.2941,5.4,0
-5.0253,152.1893,5.4,0
17.9405,-67.0808,3.24,1
53.0521,-166.9269,4.1,2
-33.7887,-178.0551,4.2,0
40.5415,-124.3725,4.54,0
32.3019,-101.7982,3.1,1
-59.9912,-24.3391,4.8,0
57.0513,-154.4156,3.9,2
41.8177,81.1623,5.3,0
6.0794,127.1222,4.6,2
54.43,-159.7374,3.1,1
-56.8486,-25.3418,4.7,0
0.2058,126.4529,4.8,0
12.9898,-89.6965,4.1,2
63.4127,-151.362,3.1,1
70.3855,-134.4776,4.8,0
-23.365,171.5059,4.7,0
-5.6791,151.4965,5.3,0
-16.6973,-177.1083,4.5,0
-56.8358,-25.1387,5.0,2
4.1661,126.7602,4.4,2
44.2107,-114.9526,3.5,1
-28.8151,-176.2429,4.6,0
28.8646,130.6526,5.5,0
54.0599,-164.4887,3.7,1
19.207,-155.435,3.32,1
61.4591,-149.3325,3.9,2
53.7373,-35.2242,4.5,0
38.1754,38.4545,4.2,0
19.2243,-64.8868,4.38,0
52.8158,-167.3943,3.1,1
51.0794,-178.0197,3.9,2
27.3279,55.5554,4.3,0
-19.9064,67.0564,4.4,0
5.2133,127.1573,4.2,2
-58.1896,-23.6214,4.9,0
-28.6453,-177.0093,5.6,0
20.777,38.2049,4.3,0
-25.231,-71.0856,4.6,2
46.2355,152.4045,4.3,2
6.2035,-76.254,5.1,0
18.3865,-67.4243333333333,3.32,1
29.7295,70.1934,4.3,0
44.545,-129.1654,4.2,0
54.4836,-159.8694,3.1,1
19.1308,-66.5198,3.97,1
38.5531667,-122.323,3.58,1
12.1184,-87.996,4.7,2
-26.8669,-176.0883,5.2,0
52.6599,-168.8097,3.8,1
25.1137,-109.7543,4.0,1
41.4361,33.5393,4.6,0
5.2744,125.4336,4.3,0
-55.7431,-145.1234,4.7,0
26.7999,126.4539,4.4,0
40.3806667,-125.2311667,4.39,0
-22.8898,170.1123,4.4,0
51.4027,178.7897,3.2,1
-60.1131,-24.6699,4.9,0
-23.1549,170.7589,5.1,0
34.3699,85.1572,4.6,0
53.8607,-35.197,4.5,0
-14.0609,-169.4643,3.6,1
-47.0019,163.8953,4.3,0
52.0123,-174.6242,3.9,2
-29.9913,-177.7607,4.7,0
-3.6751,139.6269,4.4,2
15.894,144.9009,4.9,0
-26.1349,-64.688,5.0,0
61.8285,-26.7415,4.9,0
5.3162,126.494,4.1,0
65.304,-162.9329,3.4,1
51.2039,-166.2314,3.4,1
-59.8384,-26.3058,5.0,2
-7.5911,-13.2087,4.7,0
38.0881,37.8449,4.5,0
-0.1198,96.6681,4.7,0
6.7283,-82.6978,4.6,0
53.781,-163.4328,3.4,1
44.0955,149.0492,4.2,2
-27.8456,-71.542,4.3,0
-29.2918,-176.8949,4.9,0
52.3337,-168.0663,3.4,1
43.2289,-128.1445,3.2,1
51.2083,-174.175,3.5,1
17.9565,-66.6128,3.17,1
0.2014,96.8145,4.2,0
36.2966,27.1552,4.4,0
-1.7229,138.9308,4.1,2
-3.6606,131.3756,4.5,0
54.9168,-159.8651,3.3,1
27.2714,53.0322,5.1,0
-2.2729,-12.2641,4.3,0
-18.2027,168.0251,4.8,0
65.3219,-145.4932,3.2,1
-6.5007,155.0307,5.8,2
35.1677,25.188,4.4,0
-48.6078,121.2875,4.8,0
17.8773,-66.9423,3.18,1
-27.1718,-175.8414,5.8,0
28.8485,142.4887,4.9,0
28.0346,54.8189,4.1,0
-9.6807,112.8975,4.1,2
-20.1032,-70.1956,3.7,2
22.6004,-45.1543,4.6,0
28.1796,105.3272,4.3,0
36.9327,66.6992,4.4,0
14.4765,122.0219,4.2,0
53.8926,-35.6101,5.0,0
17.7762,-60.9512,5.2,0
54.0247,-35.1786,4.6,0
17.6175,-68.354,3.9,2
5.3714,36.8629,4.4,0
12.9871,-90.2559,5.5,0
-23.7054,-175.771,5.3,0
-0.4706,-19.7894,5.4,0
-6.6285,147.3544,4.3,2
10.7665,-86.196,5.1,2
-59.1864,-25.4815,4.6,2
-9.4383,154.9017,4.2,0
19.0321,-67.8466,3.23,1
36.0172,36.1295,4.4,0
51.4709,-176.9415,3.9,2
13.9062,147.0354,4.3,0
12.4789,48.2459,4.2,0
40.3276667,-125.5935,3.07,1
-58.0497,-25.3558,4.7,0
-29.5523,-177.1645,4.9,0
42.1519,144.3451,4.6,0
-5.8906,153.1941,4.7,0
-9.2505,106.8199,4.2,0
38.5003,39.1965,4.2,0
-20.8913,-175.3593,5.0,0
37.7127,37.8001,4.4,0
24.5868,-109.1749,4.7,0
33.0651,126.0046,4.6,0
37.2919,36.8854,4.3,0
18.7915,-67.4283,3.24,1
19.2073,-64.4693,3.89,1
31.5724,-40.8289,4.6,0
14.3858,119.5872,4.4,0
-29.6423,-177.0346,4.4,0
18.4855,-73.5582,4.2,0
52.9369,-166.9344,3.3,1
-7.085,155.0967,4.6,0
-15.6984,-173.8232,4.8,2
19.3695,-64.8001,3.91,2
-4.9042,152.389,4.2,2
18.0323,-67.7085,3.12,1
39.489,144.7136,4.4,0
-37.6753,179.67,4.9,0
-65.4366,-179.5004,5.4,0
34.5245,70.126,4.1,2
9.9719,56.7208,4.2,0
38.4482,142.186,4.4,2
-5.9114,-81.1985,4.4,2
-50.1541,119.4884,4.4,0
-51.3304,139.9924,4.6,0
37.0419,-5.2649,4.0,1
34.5109,98.8979,4.1,0
35.6382,26.2555,4.3,0
32.3097,142.5673,4.3,0
15.581,-94.689,4.9,0
-42.1379,42.7644,4.6,0
14.4577,-93.2743,4.6,0
18.2393,-103.1024,4.1,0
-37.2925,-179.9906,4.3,0
17.8768,-66.8725,3.6,1
-2.7447,139.3718,4.3,2
23.4597,121.5099,5.1,0
-10.3082,160.9995,4.6,2
37.5621,20.9654,4.3,2
51.8693,-175.3246,3.4,2
-23.122,170.752,4.9,0
44.8034,-28.1394,4.6,0
29.5006,132.1538,4.8,0
19.6086,-65.7573,3.9,2
55.4924,-155.6819,3.3,1
18.7441,-64.9393,3.4,2
-0.1654,133.6499,4.1,2
-41.5765,173.5591,4.5,2
19.3853,-64.6968,3.93,1
-3.83,101.8367,4.9,2
13.4592,-90.4821,4.3,2
-14.8759,-173.5944,4.4,2
19.234,-155.389166666667,3.04,1
11.8101,144.4332,4.7,0
-60.7094,-25.5467,4.1,0
-7.2524,106.0683,5.3,0
1.7136,126.4084,5.2,0
12.8558,-88.5836,4.2,2
36.595,-121.2063333,3.9,0
-7.239,154.9656,4.2,0
38.6331,39.9916,4.4,0
-54.8013,158.6041,5.5,0
35.913,-0.3922,4.6,0
-14.9388,-173.2196,4.4,0
-28.502,-176.4925,4.2,0
34.4416,70.4644,4.7,2
-59.8904,-26.6311,4.8,0
39.1434,37.7879,4.4,0
45.4202,150.1729,4.6,2
-14.8304,166.5139,4.8,0
22.0009,120.247,4.3,0
37.3025,72.2847,4.5,2
-42.4527,120.026,4.5,0
-37.5596,-179.9373,4.4,0
64.1036,-22.1816,4.8,0
-3.0917,147.4701,4.6,0
0.3529,126.1181,4.4,2
47.0848,-27.2292,4.8,0
-29.8572,-177.1808,4.4,0
-27.7094,63.851,4.4,0
53.3852,-163.5138,3.3,1
2.1524,125.9305,4.7,0
-37.8209,179.9748,5.0,0
-3.8575,129.1967,4.4,2
-6.4311,147.7792,4.7,2
-30.3037,-177.1153,4.4,0
-16.9104,167.7581,4.8,2
-42.5893,-83.2103,5.0,0
-17.006,-172.5036,4.9,0
44.3456,-129.0273,3.3,1
43.3446,-126.8961,4.0,1
54.6943,-156.7433,3.3,1
36.5965,140.9286,4.3,2
61.2768,-150.103,3.6,1
13.938,-92.5124,4.6,0
61.3476,-146.8395,3.3,1
-22.7529,171.8362,4.3,0
-29.3196,-177.0144,5.1,0
-22.7278,172.1279,4.4,0
19.1266,-64.9098,3.42,2
35.5367,-3.4806,4.4,0
25.1951,-45.4962,4.3,0
24.1461,126.6505,4.3,0
-15.0446,-177.4759,4.3,0
52.5872,-168.377,3.1,1
-33.1099,-178.3803,4.8,0
-8.6645,-79.9001,4.9,2
33.1641,139.4569,4.3,0
14.1686,-92.1784,4.8,2
18.8993,-63.3747,3.3,1
-2.9252,141.2557,4.1,0
24.0326,142.9081,4.7,0
-37.7272,179.609,4.6,0
11.6687,144.3905,4.7,0
-60.2137,-24.9436,4.5,0
19.6358333333333,-65.8723333333333,3.4,1
-39.0052,178.1106,4.9,0
17.3265,-61.9155,4.2,2
-7.5115,30.4287,4.2,0
-5.7593,142.114,4.4,2
37.2183,142.2694,4.5,2
27.8177,142.9787,4.4,0
6.8479,-82.7032,4.3,0
1.7974,126.3859,5.7,0
40.86,-117.2229,3.2,1
54.4263,-159.7982,3.2,1
19.6926,-65.6526,3.81,1
-19.9726,-70.1109,4.2,2
19.1035,-64.9211,3.53,1
-58.1634,-23.3818,4.8,0
-57.0837,-24.9529,4.4,0
18.9146,-68.3863,3.82,1
-6.3392,147.7708,4.0,2
-4.4828,35.0514,4.0,1
37.8685,36.631,4.3,0
-48.2716,165.2533,5.5,0
50.5913,-173.3081,3.9,1
12.1357,-87.9138,4.3,2
-59.3713,-25.3304,4.4,0
37.3017,70.5188,4.6,2
-58.8653,-25.2377,4.7,2
-33.1685,78.1846,4.8,0
-17.69,167.617,5.1,0
-2.7224,139.7302,4.2,2
54.3509,-159.7487,3.2,1
64.2743,-149.883,3.5,1
19.6501,-65.753,3.91,2
-4.4452,152.8053,4.5,0
-3.0827,137.3178,5.1,2
-33.442,-72.2334,4.9,0
-31.706,-72.0551,4.4,0
0.8143,126.217,4.4,2
18.346,-106.1214,4.3,0
0.1975,96.6432,5.6,0
-15.0157,166.4464,4.2,0
22.0767,120.2935,4.5,0
46.7567,153.1595,4.4,2
-5.9597,151.9654,4.6,0
17.5824,147.7959,4.4,0
23.8205,121.697,4.8,2
15.293,-94.6685,4.2,2
-30.1646,-176.5479,4.4,0
2.5517,126.6152,4.4,2
-23.2024,170.8501,4.9,0
35.7114,30.0192,4.3,2
1.0009,98.3285,4.2,2
-10.9152,165.9106,4.4,2
23.9204,143.2306,5.0,0
-29.1285,-176.8536,4.8,0
-59.1459,-23.8766,4.7,0
-38.4859,-93.7674,4.5,0
-21.1201,168.64,4.6,0
24.0258,122.5546,4.6,0
38.1734,72.9929,4.2,2
-3.7834,151.4606,4.6,0
-22.7629,171.9464,4.8,0
-22.7597,172.6548,4.6,0
2.4201,126.1014,4.3,2
-28.3396,-177.2386,4.6,0
36.6384,36.5737,4.3,0
-27.9436,-176.8333,4.8,2
20.824,122.1167,4.5,0
-24.1022,-175.7879,4.7,0
37.1209,-115.3165,3.4,1
-17.5122,168.1214,4.0,1
31.68058579,-104.4199904,3.1,1
-29.3034,-176.6303,4.5,0
-20.6663,-175.7027,4.5,0
54.8814,164.6439,4.2,0
25.2188,127.0495,4.5,0
-32.6686,-178.2453,4.6,0
-5.7559,151.901,4.8,0
18.746,-64.5355,3.34,1
-21.3712,-69.9192,4.1,2
-23.1095,170.7541,4.8,0
26.914,126.4719,4.2,0
-2.4878,139.9594,4.4,0
34.8004,97.8033,4.5,0
-20.7195,-175.4496,4.9,0
-6.2227,151.2141,4.9,2
0.0202,124.4406,4.5,2
-0.603,133.2856,4.6,2
-62.3706,-58.3091,5.2,0
51.4826,-176.6355,3.1,1
61.5064,-149.8456,3.1,1
67.2046,-170.0489,3.8,1
-12.7419,-76.8947,4.3,2
-0.3776,127.2861,4.2,0
19.4508,-65.591,3.51,1
0.3599,125.8405,4.3,2
-54.3153,-119.5589,4.5,0
67.6379,34.2193,4.4,0
-52.8793,10.4622,5.5,0
-19.5305,-69.8546,4.0,2
9.1904,126.3853,4.6,0
54.1898,-159.5241,3.5,1
-14.7932,-174.0058,4.1,2
-4.8647,133.7744,4.5,0
51.6447,-173.7367,3.2,1
-28.6927,-176.5473,4.9,0
-60.2562,-25.5399,4.2,0
-32.2738,-111.6994,4.6,0
18.7233,-64.4693,3.57,1
30.9447,-41.2066,4.5,0
10.0417,126.1777,4.6,2
28.5353,140.3816,4.1,0
53.5539,-163.2573,3.1,1
-28.9915,-178.3354,5.3,0
14.8511,108.1561,4.4,0
56.2942,-156.5434,3.4,1
-8.1632,104.7159,4.3,0
19.1886,-67.1321,3.67,1
19.167,-66.1968333333333,3.16,1
10.6922,-45.4567,4.7,0
-60.4115,159.6411,4.5,0
37.7623,141.9052,4.3,2
36.0589,36.095,4.9,0
-58.3661,-24.7045,4.6,2
51.3123,-177.1266,3.6,1
10.0216,40.9514,4.3,0
42.5663,-111.4286,4.2,0
23.9839,122.2408,4.4,0
17.9456,-67.0036,3.23,1
-30.7873,-71.4286,4.2,2
-23.1868,171.0165,4.6,0
-6.2208,131.0432,4.7,2
-1.0883,120.3466,4.8,2
-58.5787,-23.3634,5.4,0
-29.1177,-176.3943,4.5,0
-6.8194,154.8732,4.3,0
38.9471,26.1083,4.1,0
-11.3381,163.0943,4.4,0
51.4506,179.6565,3.5,2
-15.2179,-75.6858,4.5,0
36.4116,53.9089,4.3,0
-14.9698,166.6516,4.8,0
43.6387,-128.0755,3.8,1
32.0551,78.7955,4.7,0
37.6847,142.2248,4.5,2
52.2851,-168.112,4.1,0
26.7722,102.9151,4.6,0
31.70926532,-104.0260547,3.3,1
31.1364,142.1859,4.4,0
26.6622,126.3583,4.2,0
19.0115,-67.5165,3.14,1
-6.4197,142.7477,5.0,0
-25.248,-64.6292,5.0,0
38.816,-122.8108333,3.22,1
-60.5514,-26.8114,4.4,0
-11.1049,166.0986,4.5,0
-30.3793,-177.7579,4.5,0
38.1671,141.7744,4.4,2
55.2815,-157.4372,4.7,0
-55.6677,-144.45,4.7,0
-23.0891,171.581,4.6,0
-58.5176,-23.1631,4.4,0
54.267,-35.2192,4.6,0
54.4847,-162.2088,3.1,1
0.2321,126.1275,4.9,2
55.2168,-157.8216,3.2,1
-58.6981,-23.2994,5.2,0
44.1727,149.0904,4.9,2
-27.5948,-178.303,5.0,0
-30.1619,-177.9178,5.2,2
-38.3594,-93.7371,4.9,0
-60.2774,-25.4681,4.6,0
52.2924,-173.4294,3.6,1
26.4842,-44.6193,4.5,0
-58.5539,-25.253,4.9,0
31.1081,142.3905,4.6,0
37.943,27.3214,3.2,1
7.4576,-76.9434,5.0,2
26.9098,55.2757,4.1,0
30.3231,94.8038,4.8,2
34.3569,69.5631,4.5,0
-5.5991,151.9238,5.3,0
51.6947,105.7589,4.4,0
33.5579,141.4069,4.4,2
-7.578,122.3461,4.0,1
-3.0307,128.0098,4.9,2
5.841,-75.9875,4.1,2
17.1472,147.3444,4.3,0
6.1524,127.6087,5.7,0
-7.3385,121.8266,4.3,0
-45.9794,35.139,4.9,0
51.3769,179.0697,3.1,1
-28.2666,-177.8183,5.4,0
0.9402,92.0109,5.1,0
56.1347,-149.3323,3.3,1
29.8557,-113.8277,4.2,0
-15.1558,-74.8353,4.1,2
-6.1109,148.4506,4.5,2
-11.4679,117.3581,4.4,0
21.1214,121.0554,4.3,0
12.463,144.4783,4.9,0
35.7261,139.9344,4.2,2
-9.7991,159.4073,5.5,0
18.8071666666667,-67.2968333333333,3.12,1
4.809,125.4626,4.6,0
-8.0672,104.3692,4.5,0
-28.7842,-177.0446,4.5,0
31.5663333,-114.4146667,4.57,0
29.7511,-113.9179,4.8,0
27.1302,100.2948,4.6,0
-6.412,147.4417,4.2,2
28.9949,142.4745,4.0,1
29.6454,50.871,4.2,0
29.9682,80.4219,4.9,2
-49.9278,115.9643,4.2,0
34.224,56.7628,4.8,0
54.4642,-159.8827,3.1,1
14.2558,119.3835,4.5,0
80.8314,120.4384,4.5,0
2.8996,126.6652,4.5,0
-30.1739,-177.1545,5.4,0
53.4323,-163.6601,4.2,2
37.2326667,-121.6146667,3.29,1
15.476,-88.3355,5.2,0
55.3892,-157.0487,3.4,1
38.7787,66.3552,4.1,2
51.6803,-173.4069,3.8,2
31.2584,142.3958,4.1,0
-5.3287,134.0179,4.0,1
31.1917,142.2841,4.7,0
-2.4683,140.9658,4.2,0
-29.7364,-177.4654,4.5,2
-2.7657,139.1064,5.0,2
-23.3358,171.8122,6.0,0
1.328,122.8883,4.2,2
43.8357,148.5349,4.6,0
41.9226,142.2732,4.4,2
42.0369,142.6274,4.4,2
-28.9348,-176.9552,4.8,0
37.1058,36.6317,4.2,0
-27.4191,-178.1116,5.3,0
55.1767,-157.6441,6.9,0
-33.6106,-177.9568,4.7,0
7.9236,-74.7887,4.5,2
18.7418,-64.3525,3.5,1
-6.2283,104.1733,4.6,2
-18.9747,-12.3523,5.4,0
-35.4168,-105.8671,5.6,0
31.6548,-104.3745,3.7,1
52.345,-168.1313,3.7,1
2.9529,127.2743,4.3,2
27.7881,142.4474,4.2,0
18.866,-64.6701,3.03,1
-15.3855,-173.4224,4.6,0
62.2252,-147.8648,3.4,1
-17.8823,167.4281,4.3,0
52.7921,-169.7186,3.2,1
-30.0178,-71.7034,4.4,0
-14.6541,167.9068,4.8,0
-3.4082,146.2804,4.6,0
24.3004,143.2171,4.5,0
38.3432,56.9923,4.5,0
-0.988,98.6046,6.2,0
5.5494,124.2203,4.1,0
23.8849,121.6815,4.7,0
12.498,146.7341,4.4,0
53.7011,-162.7507,3.3,1
3.9466,128.6511,5.2,2
35.9445,-120.4905,3.17,1
-33.4604,-72.2611,4.8,0
-39.8331,-71.956,4.8,0
38.0007,36.5078,5.0,0
19.1206666666667,-66.5668333333333,3.39,1
-60.2634,-28.1877,4.8,0
34.7046,97.8634,4.5,0
-5.3137,-80.8436,4.5,2
-4.8293,102.9678,5.1,2
-57.7817,-25.34,5.9,0
-17.4955,167.8329,4.8,0
-30.6984,-176.7439,4.6,0
-30.2162,-177.8449,6.5,0
51.5165,177.7395,4.9,2
62.8199,-148.3759,3.6,2
2.8154,126.5768,4.6,2
-22.1916,170.7928,4.5,2
-62.9531,-163.7912,5.0,0
37.8644,73.3477,4.3,0
38.3997,44.9477,4.4,0
-14.8304,166.5139,4.8,0
44.2997,149.6683,4.9,0
18.0255,-66.7668,3.27,1
51.3396,-179.0919,3.2,1
-58.797,-24.7317,4.3,0
-29.8215,-177.2861,4.6,0
41.6811,92.6237,4.9,0
10.5892,126.2096,4.5,2
9.9752,126.2305,4.5,2
71.3581,-134.3348,4.0,1
54.4937,-159.862,3.5,1
-29.9541,-177.1008,4.2,0
38.1634,-117.8509,4.0,1
-28.9991,-176.7434,4.3,0
0.1853,100.1306,4.2,0
39.7312,22.0044,4.3,0
43.9591,-128.9412,4.0,1
46.4399,152.9221,4.6,2
28.3366,57.4719,5.0,0
2.9928,127.3551,4.8,2
18.8075,147.0719,5.0,0
21.3009,121.119,4.6,0
-6.3295,103.6081,5.0,2
-22.4496,-114.1974,4.8,0
-6.8951,-72.7474,4.8,0
-9.8285,119.0955,4.6,2
-31.0425,-71.72,4.6,2
14.348,-93.73,4.6,0
5.6361,127.3916,4.5,0
13.9646,-92.8196,4.3,0
-54.682,158.8123,4.8,0
10.2173,-62.6252,4.3,2
-56.9259,-25.0419,4.6,0
-60.1561,-28.6898,4.4,0
31.72542813,-104.5739138,3.5,1
-0.4227,-80.8382,4.6,0
14.2338,-93.0126,4.3,0
20.2203333333333,-155.63,5.17,0
6.7137,-82.4146,6.1,0
40.9832,141.8488,4.5,2
35.1275,25.1433,4.5,0
18.6808,-67.4885,3.15,1
53.5492,-164.4864,3.1,1
32.7632,92.9442,4.4,0
38.1669,-117.9892,3.1,1
-11.118,164.9796,4.3,0
34.8794,14.197,4.1,0
-49.7455,117.4265,4.5,0
18.8643333333333,-66.568,3.06,1
19.3736666666667,-67.2156666666667,3.18,1
-57.9268,-25.4788,4.2,2
10.3129,94.1035,4.5,0
4.6575,-82.7767,4.9,0
19.814,-71.4956,4.3,0
-3.6415,130.9313,4.6,0
35.4658,140.2166,4.2,2
-64.0075,-167.855,5.6,0
-6.4464,147.9117,4.0,2
30.94885959,-103.3556435,3.3,1
37.6254,141.6781,4.4,2
24.1775,121.6638,4.8,2
11.7595,144.6012,4.6,0
-37.6645,-179.9254,4.9,0
2.7147,-84.395,5.4,0
37.0297,36.7506,4.2,0
18.3383,120.4578,5.1,0
-30.4536,-177.6863,4.7,0
-23.3855,171.2457,4.8,0
12.7171,58.2785,4.4,0
-14.9475,-173.5045,4.2,0
29.7531,50.6784,5.8,0
31.61431841,-104.5293976,3.3,1
41.3522,-106.5638,3.8,1
12.7224,-91.5801,4.4,0
14.2762,-92.0056,4.3,2
61.206,-146.2844,3.6,1
-20.3186,-70.1665,3.1,1
-9.8116,159.5526,4.3,0
-18.6093,-65.9261,4.2,2
54.2468,-162.5469,3.2,1
31.4701,142.2915,4.5,0
-23.7003,171.6542,4.6,0
38.1484,-117.9687,3.7,1
19.1463333333333,-66.4498333333333,3.27,1
-4.7599,133.7776,4.4,0
2.0533,125.4863,4.1,0
-12.4963,80.4444,4.4,0
-28.3197,-176.6185,4.9,0
53.9877,-35.2777,4.2,0
53.9206,-35.2345,4.4,0
-15.8598,167.2112,4.0,1
-27.2019,-178.1595,4.6,0
52.339,-164.7874,3.1,1
26.7884,126.42,5.0,0
-22.7015,171.2546,4.9,0
-57.4637,-25.7469,5.8,0
23.7599,123.3857,4.7,0
4.3866,128.3753,4.4,0
-23.4916,-175.8448,4.5,2
12.5878,-88.0137,4.2,2
24.8576,122.0287,4.4,0
-3.0102,127.7636,4.5,2
-13.409,167.446,5.1,0
19.4708333333333,-155.601,4.2,0
-0.6294,98.6259,6.7,0
0.1717,96.675,4.5,0
26.6962,126.4189,5.0,0
-58.7807,-23.6395,4.4,0
20.8826,144.4295,4.3,0
2.9525,127.0088,4.5,2
-28.9239,-177.0168,4.2,0
18.4178,-81.7418,4.5,0
10.4844,-65.2776,4.7,0
-18.4603,64.1777,4.3,0
36.463,27.1575,4.5,0
-23.2419,170.634,5.1,0
-22.651,170.9853,4.1,0
-59.2992,-23.7354,4.9,0
-7.209,121.4535,4.1,0
-17.9835,168.1825,4.4,2
-10.7339,113.4014,4.2,0
35.1813,25.3041,4.2,0
27.1775,53.1955,4.4,0
44.2223,-115.0993,3.3,1
26.8138,126.4062,4.0,1
17.9396,-67.1143,3.12,1
19.2058,-67.2565,3.64,1
19.305,-64.705,3.37,1
-30.1831,-177.1047,5.2,0
-20.4834,-175.4169,4.7,0
33.2865,139.5226,5.0,0
18.0122,147.0155,4.4,2
19.088,-155.418166666667,3.16,1
62.3657,-149.1251,3.3,1
-33.9593,-71.5539,3.3,1
17.9591,-67.0133,3.36,1
26.7396,126.5592,4.4,0
23.9741,122.5839,4.1,2
18.0571,-66.793,3.12,1
53.8226,-164.25,3.8,2
-23.051,172.1686,4.9,0
39.0637,22.121,4.4,2
25.8123,128.3966,4.4,0
32.2806,142.3798,4.7,0
19.0171,-65.0655,3.49,1
-57.7706,-23.7732,4.8,0
30.99038304,-103.5388591,3.1,1
-26.4684,-13.7572,4.7,0
25.5817,128.4925,4.3,0
34.1386667,-116.4441667,3.07,1
40.9497,52.0075,4.2,2
33.9546,87.7981,4.2,0
-17.3076,167.8226,4.3,0
33.2737,75.889,4.7,0
9.9552,125.6702,4.2,0
36.1766,35.7967,5.2,0
36.4086,140.7186,4.5,2
-31.6977,-177.9401,4.8,0
4.0267,126.6533,4.3,2
38.1794,37.955,4.1,0
19.2318,-64.8146,3.59,1
-37.1253,-16.9113,4.8,0
19.2128333333333,-155.388666666667,3.35,1
-6.0393,148.2416,4.2,2
-11.3006,163.0315,4.3,0
55.2399,-156.3796,3.7,1
-58.8365,-25.4808,4.7,2
-8.2678,118.1283,4.4,0
-34.3627,-179.7398,5.0,2
35.5011,141.1034,4.9,2
2.8499,126.9825,4.6,2
-37.3971,179.5383,4.6,0
15.1816,-93.8586,5.3,2
51.8359,175.0687,4.3,0
61.3219,-146.7563,3.4,1
53.7734,-35.1444,4.2,0
-20.9826,-175.3889,4.6,0
39.3973,26.2615,3.4,1
-49.1541,121.9241,4.4,0
-0.091,97.3276,4.8,0
-6.6028,155.2948,4.4,2
-0.4295,99.1239,4.5,2
1.0216,126.1194,4.9,0
9.0122,126.9638,4.3,0
34.7475,135.9508,3.9,1
-41.747,174.1996,4.5,0
45.3382,150.6851,4.4,2
44.5643,-56.021,4.5,0
32.7088333,-115.5353333,3.02,1
-15.2415,166.5078,4.7,0
17.9545,-66.946,3.31,1
-18.1242,169.0534,5.7,0
13.1528,-92.4037,4.2,0
-33.9658,-178.7074,4.1,0
-26.4903,71.9997,4.4,0
-5.8253,27.4464,4.3,0
14.2204,-93.0818,4.6,0
25.709,100.0706,4.7,0
13.9622,-91.807,4.8,2
19.4288333333333,-155.6135,3.15,1
-30.4336,-177.6992,4.7,0
67.3182,-156.1308,3.1,1
31.176,142.2091,4.6,0
-12.0774,112.8834,4.9,0
-23.0926,171.5658,4.7,0
-58.8321,-24.8826,4.9,0
40.1846,142.8614,4.1,2
33.6489,141.4957,4.2,0
-59.9941,-25.3928,4.5,0
32.7111667,-115.5471667,3.21,1
-60.0347,-25.1081,4.5,0
52.3404,-168.0158,3.7,1
23.9306,142.1281,4.7,2
38.1782,37.7439,4.5,0
11.9815,-87.7379,4.5,2
-6.4734,104.7507,4.3,0
55.3584,-149.713,3.3,1
48.6345,142.5014,4.1,0
7.1588,127.1236,4.5,0
23.6707,143.7321,4.0,1
-37.1239,179.8857,4.3,0
-14.8618,-76.3826,4.5,0
-35.7378,-102.3253,4.5,0
40.8185,-126.3132,3.2,1
38.0903,36.7693,4.2,0
14.6762,-94.0293,4.0,1
5.3179,127.7659,4.1,0
39.2448333,-123.4743333,3.98,0
17.9581,-66.848,3.16,1
67.5146,143.0656,4.1,0
-2.8053,141.8287,4.4,0
37.5639,37.1467,4.5,0
51.5669,-175.1436,3.5,1
29.2959,143.293,4.2,0
38.475,-122.7071667,4.39,0
12.9215,-88.7911,4.2,2
56.2452,-149.3575,3.4,1
17.9476,-66.8406,3.33,1
51.494,-178.1758,3.1,1
51.8596,-177.9882,3.3,1
18.8499,146.9747,5.0,0
-37.3795,-179.6931,4.1,0
44.3067,-115.166,3.4,1
-31.1211,-178.7868,4.3,0
19.5636,94.8605,5.1,0
51.1004,178.7167,5.7,0
23.9649,143.009,4.4,0
26.7275,129.6323,4.5,0
4.8138,94.3724,4.2,2
-17.1719,-65.7278,4.2,0
36.2001,27.1133,4.0,1
54.0066,-35.3277,4.4,0
40.336,-125.2821667,3.13,1
-22.0938,-175.4521,4.4,2
13.5375,-89.9507,4.3,2
45.9876,152.8251,4.4,0
51.8733,-177.9855,3.3,1
43.4065,-127.3082,3.2,1
7.3832,127.1691,4.7,0
-55.5091,-29.5008,4.5,0
11.2849,125.9088,4.3,2
54.6786,163.1311,4.7,0
-6.1025,146.9134,4.3,2
-3.0903,136.9143,5.1,2
-21.3258,-70.4298,4.2,0
-59.6045,-26.1565,5.2,2
-21.8971,-174.7611,5.4,0
17.9711,-66.9876,3.35,1
-33.2343,-109.5199,5.2,0
10.1672,141.6261,4.7,0
57.8962,153.0983,4.9,0
-59.1714,-25.0085,4.2,0
-23.4652,-175.472,6.1,0
-35.4899,53.4736,5.1,0
-30.3012,-176.6089,4.4,0
-2.2492,138.1979,6.2,0
54.5774,-159.7768,3.7,1
-23.6127,171.6368,4.5,0
18.7573,-65.6261,3.22,1
-30.653,-177.6403,4.4,0
51.476,-173.6475,3.5,1
36.1778,141.8625,5.4,0
18.883,-65.2868,3.07,1
-5.749,101.7493,4.3,0
7.8174,-74.2494,5.5,2
-6.4552,107.4333,4.1,0
2.1742,128.9606,4.4,2
-32.8061,-178.5985,4.9,0
38.4727,142.0863,4.4,2
18.8775,-64.5058,3.48,1
-36.2997,-99.9676,4.6,0
-59.592,159.3673,4.5,0
39.6657,142.0799,4.3,2
43.3908,147.4853,4.4,2
-2.4752,140.7244,4.9,0
-25.4875,-176.324,4.7,0
55.3407,162.5429,4.9,2
4.2095,-87.6316,4.3,0
52.1777,-172.4104,3.6,1
28.4397,-43.6856,5.5,0
-9.7353,27.8158,4.4,0
-41.1078,80.5102,5.0,0
-29.415,-176.8817,4.5,2
37.9405,37.4916,5.0,0
-28.5656,-176.4147,4.9,0
-40.6999,78.5569,4.9,0
-16.305,-74.2167,4.4,0
27.711,56.2104,4.8,0
17.7394,-60.8965,4.4,0
17.943,-67.1176,3.3,1
61.5104,-149.8811,3.7,2
2.0579,126.5897,5.0,2
59.9956,-140.8412,3.2,1
-13.7488,166.7471,5.4,0
-17.6836,-173.0142,4.5,0
54.4186,-159.7635,3.2,1
51.9196,-174.2796,3.1,1
47.3321666666667,-123.206833333333,3.17,1
-33.7962,-179.7541,5.6,2
-49.2025,120.4282,4.6,0
19.1772,-79.6665,4.4,0
-0.2525,124.5073,4.6,2
60.2288,-145.9447,4.9,0
-49.49,124.9474,4.5,0
-34.2441,179.9713,4.1,0
42.0318,142.4684,4.6,2
11.8182,144.3455,4.7,0
38.385,23.3086,4.3,0
-57.0236,-24.807,4.6,0
51.1338,-179.0224,5.5,0
51.1594,160.9103,5.0,0
33.108,141.4544,4.3,0
53.8173,-165.1547,3.8,2
4.0651,126.6228,4.4,2
13.4531,-90.8742,4.7,2
-31.6369,-178.8386,4.4,0
52.8118,162.5548,4.3,0
-29.2012,-177.0261,5.3,2
7.1948,-82.4161,4.3,0
-19.0393,167.6144,4.5,0
23.376,121.4815,4.5,0
-57.8161,-25.0932,4.3,2
15.2852,96.1335,4.1,0
51.1489,178.7349,5.7,0
14.2366,52.9845,4.5,0
-15.5402,-173.7754,4.5,2
13.919,-92.3862,4.8,0
37.5033,137.4734,4.6,0
-4.7003,152.9631,4.4,2
46.3411,152.977,4.4,0
-23.9629,-175.8514,5.7,0
-0.6608,-80.6282,4.4,2
11.6893,45.3895,4.4,0
-22.536,172.0779,4.4,0
41.9732,-119.5575,3.2,1
-29.9778,-176.7504,4.8,0
-42.9777,83.7885,4.9,0
-49.4571,-115.7343,4.8,0
-62.6676,-161.2972,4.6,0
53.7218,-35.2611,4.6,0
26.5991,54.1979,4.4,0
13.2982,-90.1596,4.8,2
11.8558,144.3755,4.4,0
8.4225,-82.8067,4.5,0
-16.8521,-71.505,4.6,0
-28.1496,-176.6326,5.9,0
-58.0767,-23.3588,5.0,0
28.0751,52.2074,4.3,0
26.3632,125.7038,4.2,0
10.5863,94.3334,4.4,0
28.739,51.6285,4.1,0
12.5779,-88.3187,4.6,2
-57.8011,-25.4895,4.7,2
13.1138,-89.3001,4.4,2
35.3183,26.1631,4.5,0
19.2756,-67.2495,3.11,1
-10.7732,166.1261,4.5,2
44.7398,149.6925,4.3,2
-28.8956,-178.1985,5.0,0
-23.2076,171.8925,5.1,0
1.9536,126.7368,4.6,2
-28.4692,-177.5231,4.5,0
14.1933,-92.5883,4.3,0
19.0325,-64.666,3.63,2
-6.6092,129.2493,5.2,0
-57.8169,-23.9874,5.5,0
-29.2081,-71.3875,4.4,2
26.8582,126.4389,4.6,0
-57.0025,-25.0429,4.8,0
13.2689,50.7375,4.5,0
51.2666,-174.0531,4.0,1
17.9515,-67.0175,3.08,1
41.5245,140.4836,5.0,0
24.8066,121.9199,3.9,1
-4.4648,145.1046,4.5,0
-1.1662,137.1218,4.2,0
-33.8412,56.5871,4.6,0
44.2005,-129.4109,4.6,0
-58.7785,-25.131,4.8,2
20.6533,121.3007,4.7,0
10.2992,94.3324,4.7,0
54.2335,-159.6417,3.3,1
41.5709,142.0945,5.2,2
-5.204,151.7604,5.6,2
55.0158,-156.4785,3.3,1
-61.5179,-55.4656,4.5,0
-56.9781,-24.7797,4.5,0
15.4065,96.1871,4.2,0
-7.5563,-83.2274,4.3,0
-6.2305,147.5564,4.0,2
25.1161,-45.2774,4.6,0
-53.7701,140.4478,4.7,0
53.1117,-166.8093,3.3,1
-57.3143,-25.7043,4.6,2
43.008,-98.7332,3.7,1
36.1158,36.1459,4.2,0
50.8462,-173.2924,3.2,1
17.9335,-66.934,4.04,0
47.8402,-128.9233,3.9,1
34.2698333,-118.7046667,3.02,0
10.1318,126.1527,4.4,2
-28.3628,-177.7886,5.3,0
51.3354,100.2568,4.4,0
38.8351667,-122.8068333,4.43,0
-8.1454,120.3733,4.6,0
34.617,98.4674,5.5,0
-40.3107,176.6609,4.3,0
19.2033333333333,-66.6286666666667,3.4,1
0.3035,126.3493,4.5,2
45.3593,150.1013,4.5,2
-7.1221,155.7083,4.8,2
-37.527,-179.828,4.3,0
51.3716,159.7704,4.3,0
-4.1438,102.1383,5.3,2
-19.322,-173.3229,5.0,0
-9.4621,110.2786,4.2,0
-3.3993,-103.2834,4.4,0
53.4697,160.4233,4.4,2
52.0676,-169.3319,3.7,1
-50.1459,111.6836,4.3,0
11.74,-87.821,4.1,2
17.4697,119.6884,4.5,0
37.6894,141.9801,4.1,2
37.7503,78.0566,4.5,0
-21.8162,170.1691,5.5,0
-31.3534,-178.2121,4.5,2
50.4089,-176.2766,3.2,1
41.8724,48.6217,4.3,0
44.2064,-7.6942,4.2,0
-12.8249,-14.9883,4.6,0
37.2335,-118.1611667,3.37,1
18.642,-64.9888,3.53,1
51.7914,-166.8229,3.4,1
27.6989,56.5596,4.1,0
47.2433,130.6015,4.2,0
32.2869873,-101.7752001,3.2,1
25.268,125.6668,4.9,0
-31.2949,-178.633,4.7,0
4.5973,96.3355,4.3,2
-23.0726,170.5184,4.6,0
51.4704,-176.6269,3.9,2
-30.7543,-177.816,4.6,2
12.4621,47.9835,5.6,0
-30.8889,-72.8013,4.4,0
10.1394,-86.1269,4.5,0
37.1495,141.2298,4.8,2
-11.5978,-77.5312,4.4,2
17.9521,-66.5055,3.36,1
62.647,-25.7012,4.4,0
55.0439,-158.1174,3.4,1
19.0515,-65.36,3.62,1
-11.2089,119.0291,4.9,0
14.0489,-91.4442,5.4,2
34.4988,143.079,4.4,0
51.2184,-179.7776,3.5,1
36.3199,-7.6651,4.3,0
14.072,146.7009,5.0,0
14.1774,119.3599,4.6,0
19.6085,-65.7691,3.65,1
52.1222,-171.8142,3.2,1
-41.3922,-87.7246,4.5,0
2.9926,126.9301,4.0,2
-7.6919,-13.6941,4.8,0
37.715,-97.2322,3.2,0
45.4512,16.2853,3.4,1
52.0793,175.126,4.1,2
-5.5779,153.0875,4.6,0
27.6779,55.9361,4.3,0
-23.1911,171.5827,6.3,0
18.834,-155.197666666667,3.49,1
56.5463,-155.6025,3.3,2
-6.6332,130.6295,4.1,2
51.8051,-173.1923,3.1,1
51.3372,-176.9932,4.1,0
38.3274,72.8969,4.0,2
37.5391666666667,-87.3303333333333,3.03,1
-11.271,118.2114,4.2,0
23.0838,-108.0246,5.2,0
-7.0414,148.4975,4.7,0
0.5232,126.2021,4.5,2
49.1624,-28.1722,4.4,0
31.1444,141.9862,4.3,0
31.5298333,-114.3758333,3.81,1
82.1308,-17.6567,5.4,0
40.9648,-127.3505,3.1,1
44.0021,-128.9654,3.3,1
18.8468,-67.3911,3.16,1
-3.9434,-104.0853,4.6,0
-21.9456,-173.6058,4.6,0
-8.3707,-79.9922,4.6,2
-6.3449,147.6486,4.2,2
51.6051,-175.3523,4.8,2
0.8073,126.2042,5.7,2
26.025,128.5922,4.4,0
64.0984,-21.8236,4.3,0
23.4521,123.2332,5.3,0
-43.1525,-82.1629,4.4,0
52.9127,-166.8813,3.2,1
53.7353,-35.2705,4.5,0
51.0816,179.5777,3.4,1
37.1177,71.4946,4.5,0
44.1004,-128.4539,4.2,0
51.5388,177.3687,3.1,1
51.5172,-175.2232,3.1,1
-32.0852,-71.8367,4.0,2
-49.5288,164.1842,4.4,0
37.8901,142.0877,4.4,2
51.2149,161.0887,4.4,0
0.2348,126.5396,4.5,2
18.5073,-67.851,3.85,1
1.9983,96.5702,4.0,1
51.3898,-178.3755,3.3,1
-20.6912,-11.5873,4.7,0
56.386,-148.6626,3.7,1
-23.2376,170.772,4.7,2
-11.3951,163.4157,4.5,0
14.266,51.7999,4.4,0
2.4364,-30.6876,4.8,0
18.9786,-64.4,3.7,1
29.4559,130.6225,5.1,0
-29.1869,-176.778,5.5,0
-21.2434,-173.61,5.0,0
18.9945,-67.1455,3.67,1
3.2514,96.195,4.5,2
34.4478,99.0712,4.1,0
19.1636,-68.4403,3.74,1
30.9915,142.0754,4.8,0
28.3307,87.3045,4.0,1
34.1136,25.9315,4.4,0
19.1498333333333,-155.370833333333,3.83,1
57.5595,-33.599,4.3,0
55.0833,-157.5797,3.8,1
-4.9657,153.3338,4.2,0
44.3475,149.4158,4.8,0
-0.2948,132.1742,4.5,0
-18.2349,-172.3298,4.5,0
-0.9408,126.8948,4.6,0
32.7456667,-115.8288333,3.45,1
-58.8705,-23.7314,4.3,0
9.5463,-84.8459,4.1,0
26.3091,125.9972,4.5,0
-23.0981,171.8363,4.3,0
53.2086,-164.6094,3.3,1
-17.5448,167.6555,4.5,0
-28.8266,-176.5251,5.6,0
-29.3103,-176.8972,4.3,0
-5.8216,153.4011,4.6,0
51.449,-178.5445,4.2,2
-30.4918,-176.587,4.6,0
-2.6693,127.4922,4.3,0
51.9859,178.1914,3.1,1
-16.8459,-177.3555,4.9,0
18.884,-65.8495,3.43,1
18.8995,-66.6953,3.04,1
-28.0151,-176.3512,4.4,0
22.6215,-67.9074,4.5,0
40.4636667,-124.3005,3.28,1
52.8638,-162.2048,3.2,1
14.0605,-93.426,4.3,0
-30.2942,-176.5674,4.4,0
14.0072,119.2482,4.4,0
-20.3121,-12.1319,4.3,0
5.7731,127.1808,4.4,0
55.1066,-157.9552,3.1,1
-29.1225,-66.7133,4.6,0
12.2566,143.8273,4.2,0
-29.0401,-176.8927,4.2,0
-51.4115,139.2559,4.4,0
40.4056667,-125.3576667,3.23,1
-0.6825,131.1288,4.3,0
9.1836,122.3194,4.6,2
-37.9149,-73.6883,4.5,0
2.5626,126.9011,4.2,2
-60.4416,-27.0007,4.8,0
54.2913,-35.0654,4.5,0
33.9651,134.2937,4.0,2
-59.7051,-25.5739,4.7,0
12.7433,-88.3052,4.2,2
-29.3758,-176.754,5.2,0
14.528,122.3396,4.3,0
19.4183333333333,-155.238,3.12,1
18.7829,-74.0807,4.0,1
-7.7278,-13.6143,4.7,0
18.4277,-73.5406,4.6,0
34.4011,99.0711,4.2,0
2.709,127.3963,4.4,2
-3.326,129.1327,4.9,0
55.8953,-155.7956,4.8,2
37.7995,142.0237,4.1,2
-22.8106,171.5686,4.2,0
51.6104,-178.4779,3.8,1
46.1726,151.6172,5.6,2
18.9055,-65.2246666666667,3.35,1
40.7826,142.3468,4.9,2
13.0153,-89.1916,4.3,2
-22.3892,171.6263,5.0,2
0.3629,-80.3355,4.4,2
55.5398,-157.2056,4.3,0
33.0546,132.0425,4.5,2
-13.9991,166.7788,5.0,0
8.9297,93.8956,4.9,0
19.5076,-65.7491,3.71,2
-43.5703,172.362,3.5,1
37.8906,36.6707,4.1,0
-59.3138,-23.6995,4.7,0
-40.4239,-91.2101,4.4,0
35.6724,-111.6498,3.1,1
19.0616,-64.8425,3.46,1
38.5555,-123.0123333,3.05,1
-41.0201,-16.6513,5.5,0
7.4656,93.5259,4.3,2
35.6763333,-117.5245,3.19,1
54.495,-159.7119,3.2,1
-56.5996,-25.1246,4.6,0
-22.6946,-175.4806,4.5,0
-30.2208,-177.431,4.8,2
-26.4703,27.5361,4.5,0
-30.723,-71.5157,4.5,2
-7.6623,-13.5021,4.9,0
-38.0812,-93.9062,4.6,0
-43.4115,92.1043,5.8,0
-29.0619,-178.8845,4.3,0
8.4885,126.4977,4.5,2
-50.6122,139.3454,4.5,0
-8.8783,158.4642,6.4,0
28.2785,84.3373,5.3,0
-29.1864,-176.0856,5.4,0
28.3742,83.8247,4.6,0
-7.1875,155.0717,4.7,0
6.334,127.1016,4.4,2
-10.999,113.343,4.6,0
14.5098,53.6239,4.8,0
50.998,177.8828,4.5,0
-10.5406,113.313,5.2,0
51.2489,178.7473,3.1,1
-18.4745,-71.3229,5.2,2
11.617,-86.7481,4.9,2
33.3821667,-116.9066667,3.38,1
41.5122,142.8248,5.3,2
51.5042,-179.9016,3.3,1
-5.6197,103.89,4.7,2
54.3959,-159.6952,3.7,1
52.5304,-169.1477,4.8,2
-30.8492,-13.5619,4.7,0
24.7827,122.3105,5.8,0
50.5859,-172.6597,3.3,1
22.5092,102.6017,4.1,0
-31.9597,-71.2471,4.1,2
12.274,-89.4448,5.0,0
18.5002,-73.2923,4.4,0
35.94016667,-97.89166667,3.19,1
-31.7611,-178.8956,4.7,0
19.6416,-70.0424,4.2,0
-60.5083,-24.2934,4.3,0
-30.0465,-176.5738,4.6,0
2.2054,98.89,5.0,0
33.9661667,-116.978,3.29,1
7.5773,-37.4173,4.6,0
64.3571,-137.6332,3.4,1
31.5122,78.0555,4.2,0
12.0005,143.8578,5.4,0
0.7814,126.2869,4.3,2
39.0572,70.3775,4.3,2
-30.2293,-176.9382,4.5,0
31.6996667,-115.0538333,3.9,1
-3.1211,-77.0086,4.4,2
37.7592,101.1086,5.1,0
0.0316,100.071,4.9,0
-9.3535,159.1839,4.5,0
0.3054,126.3326,4.9,2
18.9126,-65.1965,3.18,1
-9.9738,160.1111,4.1,0
51.896,177.5903,3.5,1
22.2326,144.3694,4.4,2
8.6448,126.4131,4.5,0
57.9538,-153.9946,3.3,1
54.513,-159.6483,3.2,1
-8.9377,110.9692,4.8,2
57.2141,-154.1034,3.1,1
2.0127,96.4059,5.0,0
-14.9838,-173.7621,4.4,0
32.5713,130.5588,4.5,0
51.7646,105.3088,4.9,0
19.259,-155.4035,3.2,1
38.6584,20.4475,4.6,0
19.2608,-66.597,3.47,1
-7.6055,122.0843,4.4,0
56.0508,-156.6324,3.2,1
-18.203,120.3066,5.1,0
-11.7096,116.4107,4.6,0
38.0353,37.0903,4.3,0
-59.8506,-26.8118,4.7,2
18.8015,-65.7946666666667,3.43,1
0.0636,100.0026,4.5,0
-6.4188,147.9172,4.4,2
35.6277,-3.4835,4.5,0
-7.1121,105.1243,4.6,2
-29.9413,-177.7349,4.2,2
-2.8261,129.6046,4.4,0
-17.7407,167.4865,4.9,0
-0.4912,-19.9859,5.5,0
18.7788333333333,-67.3348333333333,3.12,1
44.1862,140.7171,4.3,0
-21.9795,-174.5211,4.4,0
-32.2259,-178.1582,5.1,0
56.0465,-148.4325,3.2,1
-9.0366,67.7057,4.6,0
18.5116,-73.664,4.0,1
-14.8043,166.7205,4.4,0
26.702,126.5323,4.1,0
-14.775,-173.3358,4.3,0
14.7196,-93.6382,4.6,2
-32.296,-178.1185,4.7,0
-20.5753,-175.4148,4.6,0
-1.8337,133.1963,4.3,2
0.3776,126.4711,4.2,0
27.774,55.3531,4.9,0
-10.4482,109.5031,4.6,0
-7.6287,-13.6602,4.6,0
-55.2391,-30.8196,4.8,0
-4.5026,137.2494,4.6,0
26.7486,55.0158,4.2,0
25.4644,62.4473,4.7,0
-58.4928,-23.9024,4.2,0
13.9726,119.4862,4.5,0
37.9263,36.4655,4.4,0
-41.0768,-87.6175,4.6,0
-40.7168,-85.2889,4.7,0
17.9893,-155.2983,3.6,1
-9.5909,155.6601,4.6,0
3.0758,128.2237,4.4,0
-46.6784,-10.6837,4.9,0
34.9232,14.2748,5.0,0
-9.0648,148.127,5.1,0
18.0948333333333,-67.0131666666667,3.02,1
-60.5163,-26.688,4.7,0
-20.5168,169.0267,4.5,2
45.2805,147.0389,4.2,0
54.4216,-159.6565,4.1,0
40.7299,48.7112,5.0,0
17.9616,-66.9456,3.02,1
19.7718,-65.682,3.72,1
26.9103,126.4645,4.5,0
28.2785,57.6205,4.4,0
36.2425,141.9935,4.8,0
19.3403,-64.8281,3.69,1
19.0211,-67.7316,3.18,1
-22.482,170.2814,5.1,0
17.1578,119.9072,4.5,0
-6.9193,104.937,4.6,2
18.8608,-67.3476,3.16,1
2.3537,-94.6168,4.1,0
3.4349,-82.6833,4.4,0
34.2065,24.2675,4.2,0
38.3957,39.284,4.2,0
64.0748,-21.8557,4.5,0
53.8127,-164.0316,3.4,1
-25.1301,-175.4583,4.4,0
39.1221667,-120.0286667,4.15,0
51.9364,178.2561,4.0,0
-6.0752,149.6896,4.2,2
-21.3135,-173.7002,4.4,0
18.8268,-64.446,3.74,1
44.1798,147.6387,4.6,2
18.948,-66.7666,3.14,1
51.015,-179.8949,3.9,1
-35.5462,-73.6859,5.0,0
54.5931,-159.7018,3.2,1
23.3904,121.4739,3.8,1
46.0841,-112.1027,3.4,1
54.5516,-159.6606,3.1,1
-43.8652,-82.379,4.5,0
9.8651,93.6735,4.9,0
26.8832,55.2002,4.4,0
50.6212,-173.2923,3.1,1
-14.6164,-175.6308,4.8,0
-0.9178,124.638,4.3,2
55.4663,-156.0668,4.3,0
13.2819,-89.8218,4.1,2
24.6509,94.4519,4.9,2
43.4355,-126.9997,4.0,1
-58.6755,-25.2857,5.0,0
38.0814,36.8993,4.1,0
15.5153,-94.6205,4.2,2
54.5278,-159.8636,3.1,1
-34.8363,-179.8102,4.8,2
22.8226,143.8973,4.5,2
54.4432,-159.7905,3.2,1
-0.8456,131.2138,4.4,2
-23.5201,-175.9259,6.0,0
50.4386,-177.2158,3.7,1
-30.5327,-177.6516,4.6,0
-14.9694,166.942,5.1,0
23.6912,121.5178,4.3,0
-58.5116,-24.9747,4.2,0
23.9022,122.3042,4.6,0
-25.7102,-71.0264,4.6,2
-6.1809,149.0706,4.5,2
-27.7501,-176.4915,4.5,0
31.65464279,-104.3809995,3.3,1
35.4656,141.1565,4.2,0
10.5432,-83.0264,4.5,0
-29.8297,-177.5853,4.4,2
42.3551,20.1656,4.2,0
-33.5866,-179.3026,5.3,2
36.2756,141.9541,4.2,2
-2.822,122.1201,4.4,0
6.0134,126.171,4.1,2
39.0526,70.5672,4.6,0
-5.6469,-80.86,4.8,0
19.3361666666667,-155.112,3.34,1
67.3518,-163.8097,3.1,1
50.374,90.6921,4.1,0
4.2931,126.7468,4.4,2
24.4058,122.0654,5.2,0
-23.2764,170.864,4.5,0
38.8478,142.0775,4.2,2
-38.2035,-93.539,4.8,0
-36.8789,-74.1558,4.5,0
-58.7309,-25.4268,5.6,0
2.7685,127.1185,4.3,2
-8.245,119.7792,4.6,0
6.0612,-82.66,4.0,1
51.8313,-172.5412,3.4,1
35.5846,140.2147,4.8,2
47.0732,152.8925,4.4,2
-17.8347,167.6519,4.5,0
17.92,-67.1186,4.3,0
18.0358,-67.6021,3.13,1
14.6562,144.3086,4.4,0
-58.3625,-24.1271,4.3,0
18.7648333333333,-67.3133333333333,3.18,1
46.3379,152.6488,4.7,2
-10.5255,123.4288,4.8,0
18.8803,-67.2898,3.62,1
-59.3436,149.4928,5.2,0
33.317,141.8495,4.5,0
52.7845,160.7164,4.4,0
41.8905,-126.7853,4.4,0
8.3082,123.5005,4.3,0
33.7849,135.7197,4.0,2
-9.8578,159.6208,4.7,0
-23.2612,172.1229,4.3,0
-2.1042,-80.7245,4.3,2
12.5024,-87.8617,4.3,2
19.0987,-46.114,4.6,0
37.8218,36.5994,4.3,0
-2.9923,118.8817,4.3,0
34.2696,45.6421,4.0,1
62.8525,-148.4078,3.1,1
53.2339,170.8291,3.6,1
10.3032,94.1408,4.9,0
22.3699,101.6708,5.7,0
39.4721,41.2253,4.2,0
13.1216,-89.2843,4.2,2
53.0046,170.9202,3.9,1
51.8886,177.6974,4.5,0
-7.7031,104.8884,4.9,0
19.094,-67.7366,3.46,1
19.1955,-67.8246,3.5,1
-16.7573,-173.1002,4.5,2
4.0869,126.6063,5.2,2
-23.8801,-175.1758,4.6,0
36.4414,22.1083,4.0,2
52.314,-167.6633,3.4,1
37.2518,56.796,4.4,0
-60.0925,-24.7759,4.9,0
-10.8258,165.7369,4.4,2
3.0443,93.9341,4.5,0
-29.7695,172.6512,4.8,0
32.944,-80.154,3.27,0
61.2644,-146.8322,3.9,1
-15.0306,167.0391,5.6,0
23.7003,121.5421,4.1,0
30.6821,131.2671,4.5,2
0.1212,-77.4579,4.3,0
44.3582,-129.4028,3.5,1
-8.8299,111.1757,5.3,2
-29.7031,-177.1152,4.7,0
-32.7313,-71.7525,4.0,2
-6.2272,103.8061,5.1,0
-59.6566,-25.954,4.6,0
51.4757,175.3956,3.2,1
53.7635,-35.1945,4.4,0
-23.3998,-174.7517,4.6,0
17.9946666666667,-67.0535,3.21,1
43.0507,-126.4076,4.1,0
-5.6338,141.9527,4.3,0
-37.6366,179.9154,4.5,0
38.4076,39.161,4.4,0
-11.7368,112.0314,4.1,0
73.9844,8.2782,4.6,0
-21.0314,-173.6113,4.8,0
-5.0586,-80.8678,4.5,2
18.915,-65.0721,3.41,1
19.1888333333333,-155.490333333333,3.09,1
27.6688,56.0484,4.4,0
44.5626,42.4305,4.0,1
42.3247,31.1019,4.6,0
43.871,-128.4099,5.2,0
-26.3383,-115.1351,4.6,0
12.8213,48.6009,5.5,0
-58.9122,-25.1756,4.5,2
38.1423,-117.8995,3.9,1
2.7568,127.0395,4.6,2
46.9297,152.7413,4.3,2
-31.7621,-178.8886,4.4,0
67.5751,-18.6785,4.3,0
-32.3273,-178.3797,4.6,0
18.5863333333333,-67.6888333333333,3.27,1
53.8484,-35.4132,4.6,0
-38.0891,179.817,4.7,0
18.124,-64.9865,3.25,1
1.4183,126.3917,4.5,2
32.6185,142.5169,4.3,0
23.0871,93.8172,5.4,2
15.2753,-104.6608,4.5,0
55.8567,-156.5782,3.2,1
19.1995,-155.386166666667,3.25,1
-58.8386,-25.3275,4.5,2
-6.5264,154.2159,4.1,0
13.4917,-92.0033,4.2,0
17.945,-66.9711666666667,3.05,1
29.352,81.1564,4.3,0
0.1599,-16.9871,5.4,0
38.7805,-122.7581667,3.78,1
-14.7051,-76.8068,4.5,0
-20.5307,169.1943,4.5,2
53.3849,-166.8931,3.6,1
-23.1982,172.1969,4.6,0
41.9079,144.7601,5.0,0
32.932,141.7018,5.2,0
17.5211,122.4002,4.3,0
-0.9327,126.8468,4.5,0
17.8081,-68.3936,3.4,1
-33.9804,-72.409,5.2,0
-37.1742,179.7418,4.5,0
11.9264,142.0902,4.3,2
34.2239,26.1526,4.6,0
-33.5041,-179.2732,4.8,2
-41.1603,-91.2134,4.9,0
42.1166,142.517,4.6,2
-29.8247,-177.1762,4.3,0
6.2962,120.1318,4.9,0
35.1003,141.2571,4.3,2
-18.6045,-172.4108,4.8,0
-23.192,170.9162,4.9,0
-27.1038,-176.4722,4.5,0
19.2245,-66.5463,3.31,1
-6.1417,149.4706,4.4,2
-23.1852,-175.5369,4.8,0
58.1372,-136.7944,3.2,1
18.6891,-65.1498,3.17,1
-2.7834,-79.8518,6.8,2
12.6194,48.2622,4.0,1
26.4184,125.9021,4.9,0
0.5931,-80.1644,4.4,2
-28.6185,-177.6003,4.6,0
-55.6157,-27.6526,3.9,2
-2.8089,129.2529,4.6,0
33.6266,82.0467,4.1,0
-3.5487,135.2805,4.1,2
60.4418,-140.4727,3.1,1
-23.1218,170.7009,4.9,0
-28.5499,-176.4862,4.9,0
-48.1507,31.8391,5.0,0
-6.379,155.7056,4.2,0
14.2917,146.0326,4.1,0
10.1565,127.0447,4.5,0
38.4241667,-119.4703333,3.6,1
-48.6836,164.6014,4.4,0
13.7375,-91.3652,4.8,2
52.8027,-168.241,4.0,2
5.5515,124.793,4.8,2
-7.9008,106.4551,4.5,2
35.3652,-3.7794,4.3,0
17.3215,-83.9099,4.2,0
45.0031,81.0171,4.1,2
-23.2822,171.7037,4.7,0
44.4266,9.0637,4.4,0
14.7925,-93.6444,4.8,0
-23.4104,-175.9564,5.1,0
-24.2083,-175.3792,4.0,1
32.8847,73.58,4.3,0
16.8415,-98.3787,4.9,2
19.3971,119.7616,4.4,0
-59.8461,-24.7667,4.7,0
-57.9287,-25.2924,4.3,2
31.67874093,-104.3857878,3.1,1
23.911,122.6057,4.1,0
-23.2657,170.5753,5.2,0
37.1899,-3.7525,4.0,1
31.66123724,-104.4268092,3.1,1
-23.1251,170.1138,4.6,0
-59.9279,-26.1748,4.8,2
28.5899,140.527,4.5,0
36.6696,36.4767,4.7,0
37.4778,56.6933,4.2,0
-33.8116,179.7888,4.9,0
12.3549,142.8596,4.4,2
37.9367,37.6179,4.5,0
31.6311,-103.9583,3.3,1
54.7015,-159.8676,3.3,1
-27.758,75.2041,4.5,0
-59.6759,-26.2505,5.3,2
-5.5141,102.8814,4.2,2
55.496,-154.7984,4.2,0
31.62947111,-104.0091105,4.0,0
-57.306,-25.2506,4.3,2
27.6687,53.0469,4.3,0
-38.2195,-93.6025,4.3,0
19.1225,-67.692,3.62,1
34.0756,25.9189,4.3,0
26.9061,55.2389,6.0,0
68.2538,-18.368,4.4,0
37.5186,-97.7425,3.5,1
7.5478,126.7851,4.5,2
22.9964,121.2444,4.6,0
14.7449,119.6629,4.7,0
-29.7645,-177.2882,4.5,2
-20.0646,-69.9519,3.6,2
-3.0409,142.2261,5.0,0
40.4117,143.913,4.4,0
-22.4609,-174.4037,4.5,0
43.903,148.4811,4.4,0
-58.7598,-25.1532,4.6,2
0.3258,-80.3309,4.2,2
9.6112,-84.787,4.1,0
-29.013,-176.6914,4.8,0
35.102,26.9943,4.4,0
-8.1576,108.1742,4.2,2
31.6842969,-104.3793765,3.2,1
-16.3301,66.8135,4.5,0
-38.0966,-93.7617,4.4,0
19.1966666666667,-66.5143333333333,3.42,1
-4.8526,100.5733,4.4,0
-58.3803,-25.5212,5.3,2
19.2288,-66.5566,3.55,1
63.9988,-149.7795,4.4,0
-19.3953,-172.9871,5.1,0
33.2353,141.139,4.5,2
-1.2163,-23.7655,4.7,0
40.5145,-115.2667,3.1,1
-13.2907,-112.1144,5.3,0
39.5391,-116.5791,3.4,1
5.2457,124.8092,4.7,0
5.8983,127.0242,4.5,2
-4.7811,133.9484,5.5,0
-22.0422,172.3564,4.6,0
-61.5098,-54.5781,4.8,0
24.0976,142.8346,4.2,2
-45.641,-77.5476,4.5,0
-59.8794,-26.4394,4.7,2
-55.6023,-25.7503,4.6,0
-28.8471,-176.8072,5.3,0
10.6828,121.7048,4.6,0
-30.0499,-177.1333,5.8,0
19.1346,-65.0625,3.52,1
0.5813,-25.3819,4.8,0
-3.0785,147.4636,4.4,0
20.4671,146.0461,4.2,2
24.8116,121.9707,4.4,0
0.0894,125.9544,4.1,2
41.6005,82.3288,4.5,0
-1.6809,128.4852,4.4,0
-3.3469,148.545,4.6,0
-3.621,139.0424,4.3,0
27.6625,56.0431,4.6,0
66.3394,-154.652,3.7,1
32.4238,142.1096,4.3,0
52.9636,-167.4244,3.2,1
-28.4021,-177.6527,4.7,0
38.5495,-119.469,3.52,1
33.5946,72.5708,4.3,2
40.8213333,-124.3613333,3.25,1
17.1801,-100.53,6.0,0
-17.5429,168.667,5.3,0
-5.5038,142.2422,4.9,2
7.4941,126.0567,5.9,0
2.8435,127.2407,4.7,2
46.8979,-112.6508,3.3,1
40.635,34.7903,4.3,0
-22.4311,-175.12,4.5,0
1.0243,-28.0775,5.3,0
-58.8728,-24.5879,4.8,0
35.9793,140.0071,4.1,2
-58.5622,-25.4583,4.4,2
41.1307,51.7598,4.3,0
55.2618,163.0572,4.2,2
14.1882,52.9998,4.3,0
-11.0004,162.7411,4.4,0
17.9365,-101.8564,4.3,2
32.891,140.6534,4.6,2
32.7725,141.7512,4.4,0
-37.6443,51.2595,4.4,0
37.4468,37.0449,4.2,0
23.2157,121.4342,4.9,2
29.7306,101.9935,5.4,0
-6.4341,154.373,4.5,0
34.389,87.6878,4.3,0
52.6069,-168.6194,3.3,1
-17.177,-73.7809,5.7,0
-62.7539,-160.8802,4.5,0
-4.9566,102.1795,4.8,2
51.0535,-178.8703,3.3,1
-5.6924,151.9627,5.0,0
1.2206,126.4248,4.6,2
19.183,-155.4825,3.37,1
39.8139,20.6756,4.6,0
19.6295,-64.0056,3.75,2
57.9452,-32.1107,4.7,0
53.8794,-35.1836,4.8,0
14.4113,-93.9723,4.2,0
-59.9406,-24.7874,4.4,0
12.3224,121.7867,4.8,2
0.3317,126.452,4.3,2
38.1889,-117.8646,3.6,1
-23.088,171.5357,4.9,0
-36.8391,179.8846,4.1,0
36.4391,27.0416,5.5,0
19.2111,-65.0901,3.23,1
-4.3081,102.1657,4.9,2
-30.2596,-71.3709,4.2,2
41.382,-106.7754,3.3,1
-29.1841,74.6687,4.5,0
1.3727,96.9631,4.4,0
50.8733,-179.2016,4.6,0
64.5107,-138.4305,3.1,1
-41.7494,174.1665,4.2,0
14.5126,-92.7138,4.0,2
10.2641,-106.8488,4.1,0
17.9876,-66.8098,3.19,1
19.2026666666667,-155.465333333333,3.14,1
-14.9239,-76.5098,4.6,0
-6.4171,149.3218,4.4,2
-28.6626,-178.0164,4.5,0
33.1474,139.4799,4.6,0
52.154,-174.8937,3.1,1
29.0157,102.167,4.6,0
32.8372,-39.7725,4.6,0
-23.4657,171.0466,4.8,0
15.7795,-98.38,4.0,1
-59.8007,-26.4788,5.4,2
-27.15,-175.9305,4.3,0
-59.2918,-24.8957,4.8,0
-32.3157,-178.2246,5.2,0
38.2311,73.0709,4.4,0
36.3674,142.6587,4.1,0
9.5794,138.4239,5.2,0
-10.7858,121.9086,4.3,0
6.7153,-82.4005,4.7,0
18.6965,-65.0173333333333,3.11,2
55.2229,163.1853,4.2,0
63.2687,-151.7681,3.6,1
-1.2699,28.1163,4.6,0
19.2596,-65.2195,3.41,1
67.2735,-170.5778,4.2,0
50.975,-179.9385,3.1,1
32.4604,140.7992,4.3,2
71.6995,-2.7933,4.3,0
-5.1316,153.2802,4.4,2
-23.2895,171.5728,5.1,0
-1.9743,139.045,4.2,2
-57.4201,-25.127,4.7,2
53.5254,161.2018,4.5,2
44.8016,150.2295,5.0,0
51.9667,-173.8196,3.3,1
53.0889,-167.1203,3.5,1
54.5152,-154.0054,3.9,1
43.6888,11.2258,3.3,1
56.3656,-156.5185,3.6,1
32.5008,142.4326,4.4,0
38.0369,22.7148,4.2,0
37.901,142.0474,4.2,2
47.7286,-128.5833,4.4,0
1.1859,-29.0618,4.5,0
46.0704,152.7081,4.2,0
51.0467,179.1769,3.1,1
60.9853,-27.8275,4.2,0
19.3176,-67.0083,3.63,1
44.06,-129.3495,4.7,0
12.1509,46.5755,4.4,0
-21.938,169.0225,4.7,0
2.6154,127.0118,4.8,2
29.8431,-113.9088,4.3,0
-3.1823,142.2372,4.5,2
45.1088,150.5565,4.7,2
51.6531,16.1917,4.1,0
-36.8972,-74.0335,4.0,1
0.0845,96.6505,4.4,0
-7.3593,155.5047,4.5,0
17.2063,-100.0139,4.7,2
37.786,36.5257,4.3,0
-10.507,160.9794,4.3,0
50.5032,-173.3032,3.2,1
64.039,-22.138,5.3,0
-2.4745,140.8809,5.1,0
-2.9652,141.6975,4.3,0
37.7437,-19.3154,4.6,0
-5.7639,101.5851,4.3,0
-14.9961,-173.1564,4.6,0
2.8561,127.2252,4.5,2
56.3055,-148.5492,3.1,1
-60.4384,-25.719,4.6,0
37.0912,140.5069,4.7,2
10.3111,125.6739,4.7,0
34.1653333,-80.727,3.6,0
38.542,-119.5348333,3.8,1
18.7206,-67.3548,3.23,1
51.943,-172.1705,4.1,2
0.2079,30.0065,4.6,0
45.16,-28.1138,4.4,0
-54.881,-31.5706,4.5,0
-60.4694,-27.8267,4.9,0
-58.7732,-25.1035,4.5,0
-59.8016,-23.4287,5.1,0
35.1951,25.2253,4.7,0
44.1569,148.3143,5.3,0
-58.4199,-25.2115,4.7,2
8.2568,94.1308,4.9,0
6.2007,127.1194,4.5,2
37.5394,-97.868,3.2,1
24.8129,122.5717,4.6,0
-27.358,-175.565,5.1,0
37.1511,36.671,4.3,0
-3.5994,68.5365,4.3,0
-15.4452,-173.5639,4.5,2
33.1753333,-115.6136667,3.82,1
-20.6055,-175.5324,4.7,0
-14.8973,166.7618,4.6,0
2.2708,129.3833,4.2,0
80.4957,-2.5992,4.1,0
-9.6131,159.3868,4.6,0
9.1028,126.1694,4.9,2
-28.0175,26.6765,4.2,0
63.8634,-153.218,4.7,0
-49.1621,120.9976,4.4,0
1.6196,30.8097,4.3,0
10.5986,125.5181,4.8,0
11.8473,143.3295,5.2,0
19.8101,-64.481,3.77,2
30.7384,49.747,4.3,0
40.9196,21.4384,4.4,0
-30.0071,-177.398,4.4,0
43.8937,-128.4355,5.3,0
44.1432,-129.5955,5.2,0
-20.5484,-175.5696,4.5,0
-14.4266,-75.9441,4.6,2
51.4894,-173.3526,3.7,1
41.7756,19.5298,4.1,0
40.9283,21.382,4.0,1
54.1252,-35.2706,4.5,0
-59.6775,-29.5266,4.9,0
-29.4711,-176.2717,4.4,0
-1.5216,126.4711,5.6,0
9.0886,93.9474,4.9,0
29.6212,81.5483,5.1,0
29.653,142.3848,4.7,0
-10.2421,118.7994,5.0,2
55.6178,164.8562,4.6,2
-37.7446,179.6907,4.8,0
-20.9031,-175.3265,5.0,0
36.6485,-121.272,3.07,1
-55.6044,-28.2346,4.3,2
53.4496,-163.6253,3.2,1
-14.1876,-71.4629,4.2,0
19.1093333333333,-64.7026666666667,3.41,1
25.817,128.5092,4.5,0
39.8523,140.8754,4.5,0
-58.9127,-24.5941,4.7,0
-7.9781,129.919,4.4,0
-23.7361,-175.8594,5.0,0
34.0215,70.4751,4.4,2
-60.3129,-27.5554,4.9,2
51.3972,178.7766,3.2,1
8.0588,-82.5995,4.3,2
33.0695,-115.5835,3.01,1
31.3496,141.8025,4.9,0
-58.2057,-24.6779,4.3,2
-57.4144,-25.8908,4.7,2
-28.8002,-176.6035,5.0,0
53.1422,-176.0231,4.1,0
6.8265,-82.5378,4.5,0
32.5596,47.6398,4.2,0
58.8758,-142.8284,4.3,0
36.2232,27.0556,4.3,0
19.067,-65.4031,3.47,1
37.5002,21.6357,4.4,0
8.4887,-102.8023,5.5,0
26.7844,126.4384,4.1,0
-0.7673,98.626,4.1,2
51.4736,-173.4784,3.2,1
-57.9456,-25.2971,4.7,2
-0.6142,121.8665,4.1,0
-58.6945,-25.4064,4.4,2
14.4998,56.3603,4.5,0
32.0426,130.0628,4.6,0
54.0432,-160.5878,3.1,1
2.8043,127.0002,4.4,2
-10.5408,113.6109,4.4,0
37.4099,137.2938,4.6,0
-8.527,127.3244,4.3,0
32.86468506,-101.0045494,3.1,1
-43.0631,173.4035,4.5,0
-14.9504,166.7012,4.3,0
-17.8959,-13.4078,5.5,0
85.1613,92.5292,5.0,0
51.5062,-179.3305,3.3,2
13.7358,92.7495,5.1,0
-29.7147,-177.1862,4.8,0
-35.8336,-73.5659,4.2,0
53.8453,-165.0471,3.6,2
52.1133,-168.45,3.6,1
54.6737,-159.8297,3.3,1
-29.3443,-176.98,5.1,0
72.4195,2.6855,4.6,0
27.6686,142.8027,4.3,0
6.9043,-76.6725,4.2,2
56.2674,162.0263,4.1,0
19.2378333333333,-155.5135,4.27,0
-20.7038,-70.6344,5.5,0
14.2038,-94.0185,4.5,0
6.9062,123.792,5.8,0
-11.6513,166.3832,4.7,2
52.4031,-167.9936,3.6,1
-22.6362,171.0874,4.7,0
1.49,126.3121,4.0,2
-60.7626,-19.8523,4.7,0
19.1025,121.1144,4.9,2
-4.2796,102.192,4.8,2
3.3683,128.2485,4.3,2
-22.8135,171.5847,5.4,0
-33.223,-179.3335,4.9,0
44.6589,-128.8671,3.2,1
0.6267,125.5688,4.1,2
38.992,20.5075,4.0,1
17.8345,-66.8835,3.04,1
-2.3088,139.2914,5.0,0
-37.3591,-179.9634,4.6,0
54.8218,-157.8854,4.3,0
46.2244,152.5809,4.3,0
11.8178,-86.9783,4.2,2
51.1312,-178.1915,3.6,1
-7.7096,118.9991,4.3,0
-58.9627,-24.2198,4.6,0
6.0502,126.6352,4.5,2
29.09637451,-97.6361443,3.2,1
7.3105,-76.9735,4.9,2
-29.9906,-177.6103,4.8,0
18.9596,-65.1991,3.34,1
-22.8247,171.0755,4.7,0
38.5572,97.2708,4.5,0
31.5405,-115.6813333,3.49,1
54.4126,-159.7311,3.3,1
55.7312,-157.5189,3.2,1
-6.6529,104.1805,4.4,2
-14.1278,-169.4609,3.2,1
-10.8968,166.2007,4.2,0
-4.8221,133.8587,4.5,0
8.7039,126.4278,4.8,2
54.8984,-158.3733,3.8,1
-14.6862,-173.2621,4.5,0
70.7114,-14.3853,5.7,0
26.7357,92.4583,4.5,2
-55.6337,-28.6416,5.2,2
44.246,149.3145,4.2,0
-21.1653,173.2187,4.3,0
19.0336666666667,-67.1063333333333,3.4,1
-37.5142,179.5722,4.4,0
-34.4908,-179.95,5.0,2
19.8693,-75.5456,4.0,1
-1.4149,134.3482,4.2,2
54.7942,-164.1171,3.3,1
-5.1642,125.6773,4.5,0
-28.2732,-177.7838,4.5,0
-22.9301,-174.6258,4.4,0
18.8789,146.9116,4.4,0
-23.5767,171.6705,5.1,0
54.3397,86.1971,4.0,1
-25.3298,-174.7454,4.2,0
-3.1926,141.1518,4.0,1
52.1907,-172.6156,4.0,1
-30.0383,-72.1006,4.1,0
51.7698,-171.5229,4.0,2
0.4523,126.4019,4.3,2
12.412,-88.4138,4.3,2
-14.9736,167.8512,4.4,0
-5.8011,151.8987,4.1,0
-3.8738,142.9171,5.4,0
-10.0859,-75.4545,4.7,2
-3.7607,135.6078,4.1,0
-58.8349,-24.2022,4.4,0
54.3462,-159.6517,3.3,1
0.1831,96.5601,6.1,0
51.2182,179.0559,3.2,1
-29.953,-177.8184,4.4,2
53.5063,-169.7734,3.3,1
19.0026,-68.2256,3.38,2
42.3201,144.6007,4.3,2
36.8136,36.4252,4.3,0
53.5672,-162.8382,3.6,1
40.4083,-126.8122,4.4,0
-23.0775,171.6463,4.2,0
-3.5869,151.1776,4.6,0
-43.6075,172.2147,3.4,1
-57.2821,-25.0255,4.4,2
-55.2127,-31.9951,4.5,0
-3.0464,145.942,4.5,0
3.621,126.6753,4.1,0
-55.5372,-29.9478,5.2,0
19.2198,-64.9326,3.2,1
-1.6892,135.6314,4.1,2
53.1439,-166.7923,3.7,1
9.8861,-84.0768,3.3,1
8.9039,-77.1261,4.5,0
15.3772,-95.6937,4.6,0
17.8793333333333,-66.8641666666667,3.24,1
6.7552,-71.64,4.3,0
52.6375,-175.0771,3.6,1
24.0662,145.0417,4.9,0
-40.6075,78.3912,5.1,0
63.2582,-151.1021,3.4,1
-29.4915,-176.6858,4.9,0
33.7349,141.3584,5.2,0
29.16412354,-97.6216682,3.1,1
23.0721,120.5295,4.4,0
-30.4642,-177.5902,4.4,0
55.1593,-156.7443,3.1,1
-59.5193,-25.1415,4.6,0
-0.9744,-80.4004,4.5,2
26.4468,125.9199,4.4,0
53.1609,99.0977,5.3,0
53.7866,-35.2019,4.5,0
-34.3817,-72.3721,4.4,2
39.7043,143.835,4.2,0
-4.289,143.7165,4.4,0
25.9291,-109.8103,4.2,0
-29.7566,-177.2803,4.3,0
55.4645,-157.1258,4.3,0
79.4692,3.0707,4.3,0
-19.3401,-174.3953,4.3,2
-25.4438,-176.3501,4.6,0
56.0893,-149.276,3.4,1
-14.9897,-177.6164,4.7,0
1.3714,67.0844,4.7,0
52.4752,171.3754,3.6,1
29.5429,140.85,4.6,2
-29.637,-176.6881,4.3,0
35.5329,74.9167,4.1,0
51.7611,176.8492,3.6,1
10.207,125.3979,4.2,0
-47.0273,-13.5538,4.6,0
52.3087,159.5915,4.3,2
-38.1857,-72.4902,4.0,2
-20.8057,-175.4527,4.7,0
53.9073,-35.152,4.5,0
-7.0641,155.1231,4.7,0
49.7949,86.9429,4.1,0
52.3177,97.3813,5.1,0
9.1081,122.039,4.5,0
-10.1994,113.5497,4.2,0
-0.0182,96.5667,4.3,0
35.9668333,-117.9121667,3.29,1
54.6894,-156.8178,4.1,2
38.69,-97.4346,4.0,0
60.6508,-28.8919,4.5,0
51.3076,-174.241,3.4,1
-6.2346,67.9788,4.5,0
42.7588,45.1414,4.4,0
18.547,-67.4135,3.05,1
-4.1765,102.073,4.4,2
-9.9965,160.0128,4.9,0
55.2218,-157.7952,5.1,2
-45.6162,79.4352,4.5,0
19.6603,-65.7443,3.68,2
-6.222,154.4337,4.5,2
7.0341,127.1437,4.9,0
-2.5544,138.5726,4.6,0
35.284,-119.3906667,3.92,0
55.3849,-155.6996,4.2,2
3.8993,126.2066,4.3,2
36.3065,36.097,4.7,0
-42.7658,-82.6985,5.2,0
-14.9295,-173.831,4.4,2
-59.013,-25.694,5.0,2
37.6853,141.8461,4.3,2
36.2707,27.0835,4.3,0
24.026,122.1898,5.0,0
12.4676,120.7197,4.4,0
-55.2834,-28.6527,4.5,0
54.9874,-156.3655,3.2,1
-17.2501,167.6089,4.4,0
56.1216,-156.1809,3.6,2
-3.7957,151.3145,4.5,0
-17.3769,-172.7256,4.6,0
-15.5834,-13.2234,5.0,0
54.7909,-157.8481,4.0,1
14.1624,119.371,4.7,0
70.4087,-142.5869,3.3,1
79.1518,2.8731,4.1,0
49.1774,158.4282,4.8,0
54.4879,-159.8907,3.2,1
-2.523,140.6681,4.1,0
18.7508,-64.9011,3.36,1
-32.049,-110.8534,4.1,0
51.3123,178.3271,3.1,1
27.73,56.0517,4.5,0
-57.3327,-26.882,4.4,0
-29.5894,-176.8746,4.3,0
-22.5599,170.6935,4.9,0
19.724,144.7859,4.4,0
15.3277,123.1095,4.3,0
60.2915,-139.9359,3.3,1
23.0012,80.1303,4.3,0
51.1793,178.792,4.2,2
-6.4638,152.6158,4.9,0
-17.4852,167.8401,5.1,0
53.7584,-35.3536,4.5,0
-55.4078,-29.5693,4.2,0
30.1485,86.3698,4.6,0
1.0292,126.9197,4.6,0
-15.8466,-72.0427,4.3,0
18.5654,-104.0213,4.5,2
-16.5994,167.2231,5.1,0
50.9664,-171.2181,3.8,1
-15.4288,-172.9062,4.5,0
19.1415,-68.271,3.42,1
9.0116,93.9224,5.2,0
18.8506666666667,-155.212166666667,3.01,1
-40.3909,176.7998,4.5,0
24.7505,-45.9212,4.7,0
55.0768,-157.086,3.8,1
28.1266,104.9834,5.0,0
-58.054,-25.7594,4.7,0
-56.2134,-26.8855,4.7,2
52.2323,-167.9858,3.5,1
36.4352,27.1213,4.0,1
41.4212,142.0596,4.9,2
7.7992,127.7359,4.3,0
38.0971,38.6398,5.4,0
-17.4202,-69.9415,4.1,0
60.8158,165.5741,4.3,0
34.6641,23.4524,4.3,2
-30.0285,-71.9947,4.2,0
50.9202,-129.9414,4.6,0
-59.953,-27.8184,4.2,0
51.3946,178.7885,3.3,1
-22.9349,172.1592,5.0,0
-27.295,-176.4618,4.3,0
31.58225387,-104.0074046,3.5,1
23.9144,122.5416,4.3,0
31.61179999,-104.2402137,3.3,1
40.5297,141.8542,4.0,2
-57.0374,-24.8946,4.7,0
70.5011,-14.8532,5.1,0
-17.9071,167.7875,4.5,0
38.5086667,-119.5343333,4.55,0
51.8923,178.0869,4.4,0
50.3631,90.5936,4.2,0
50.8317,-179.4135,3.7,1
9.2284,126.7692,4.5,0
31.2168,142.4423,4.4,0
-0.9643,-80.3564,4.9,2
19.1843,-64.5376,3.53,2
37.6089,37.3755,4.6,0
-29.4577,-72.4972,4.6,0
54.5999,-159.7279,3.1,1
55.1464,-157.2662,3.1,1
39.3126,79.3194,4.4,0
-11.4221,111.8584,4.5,0
30.6967,50.3487,4.2,0
36.4446,141.1201,4.8,2
16.0264,-94.987,4.6,2
26.7322,92.5712,4.6,0
-10.7696,166.4361,4.5,0
-8.527,134.9041,4.4,0
4.3043,62.6885,4.9,0
55.5137,-155.7268,3.3,1
56.2746,-148.8239,4.1,0
-59.66,-25.8515,4.5,2
19.0953,-64.77,3.23,1
53.4969,-165.3568,3.4,1
-62.2299,-58.1806,4.6,0
12.6654,48.1216,4.3,0
-3.907,-80.8095,4.5,2
-23.0367,170.0795,4.5,0
-14.5573,-76.3838,4.5,0
-4.7299,136.8674,4.6,2
38.1084,38.495,4.4,0
-20.6624,-173.8868,4.9,0
-56.9964,-25.1525,4.5,0
-1.0759,98.619,4.4,0
38.0622,36.5678,4.8,0
-7.5067,126.3676,5.1,0
19.0093,-65.204,3.64,1
8.7058,58.3167,4.3,0
-57.2716,-25.1584,4.8,2
16.6368,147.4165,4.4,0
-38.4073,-93.0037,5.1,0
-29.9716,-177.5155,4.6,0
51.0444,178.8171,4.2,2
-27.8091,-176.2262,4.6,0
-22.0699,-70.346,4.1,2
24.9689,-109.2818,5.1,0
44.3307,149.4841,4.7,0
-60.5083,-25.4511,4.4,0
32.5627,142.4613,4.4,0
39.8411,143.3322,4.9,0
-38.1816,-93.9144,4.8,0
10.9829,-61.0599,5.1,0
-3.0197,-76.5541,4.6,2
-8.0764,-13.5606,4.7,0
35.059,-96.31683333,3.61,1
-6.0679,132.3938,4.4,0
18.8378,-65.0231,3.69,1
0.0747,96.6191,4.5,0
-37.4349,146.2528,4.1,0
37.2172,141.663,4.8,0
43.7226,-128.4988,4.4,0
37.7611,37.8869,4.3,0
10.1311,93.8015,4.7,0
-59.4628,-26.002,4.9,2
37.8505,36.6645,4.5,0
-58.6137,-25.1106,5.1,2
53.8855,-35.0411,5.4,0
54.4448,-162.2408,3.7,1
53.9882,-35.3296,4.4,0
34.7685,97.2699,4.2,0
-43.2325,39.3316,4.7,0
-6.1454,152.6844,4.6,0
11.1043,125.7742,5.2,2
5.4532,-82.6531,4.4,0
35.0789,31.9346,4.9,2
51.8606,-176.5384,3.8,1
44.4302,92.7117,4.6,0
55.0521,-159.3674,3.6,1
69.5882,-144.7167,3.4,1
-22.3387,-174.5345,4.9,0
24.1072,142.8547,4.4,2
31.6538333,-115.9406667,3.77,1
-6.0394,151.5368,4.5,0
-55.9036,-27.171,4.9,2
36.3105,141.9873,5.5,0
32.3236667,-115.3355,3.35,1
0.2312,96.8453,4.4,0
-7.767,118.5381,4.3,0
52.9753,-34.9722,4.0,1
19.5278,-70.6462,4.2,2
-9.532,112.8708,4.5,2
53.8996,-35.3218,4.6,0
48.9059,154.8828,4.5,2
28.1974,105.0678,4.6,0
-25.0478,-70.9076,4.2,0
37.2802,141.7077,5.0,2
-28.1793,-175.805,4.9,0
18.1455,-68.4341,3.49,1
52.6742,-168.0903,3.2,1
-15.6788,-71.9801,4.9,0
28.2785,142.9624,5.0,0
-7.2009,121.7558,4.1,0
39.7702,75.4119,4.3,2
55.9198,164.2972,4.2,0
37.836,141.7453,4.3,2
17.9975,-66.7666,3.32,1
-56.0375,-124.478,6.2,0
30.0573,131.0625,4.3,2
0.225,98.5567,4.4,2
-14.0837,-169.4645,3.2,1
-21.0413,-69.9037,4.2,2
27.6908,140.6985,4.6,0
-55.5939,-124.4922,4.6,0
-33.2031,78.0897,4.9,0
45.9472,-111.5731,3.1,1
29.6885,-42.8596,4.9,0
50.9547,-179.7956,3.3,1
-19.1363,-70.0567,4.5,2
34.3883,45.3815,4.1,0
13.2937,124.8069,4.5,2
28.0331,87.8568,4.3,2
37.9345,38.0571,4.0,1
-28.9887,-71.5384,4.6,2
51.3333,-179.3346,3.1,1
51.569,178.0494,3.7,2
27.6775,56.114,4.6,0
35.9771667,-117.3241667,3.41,1
35.8251667,-117.6508333,3.09,1
54.6558,-156.5565,3.2,1
-32.1596,-72.2997,4.4,0
18.9308,147.3727,4.2,0
54.6541,162.8481,4.6,0
-58.4827,-25.199,4.6,2
14.6903,54.6615,4.4,0
-57.7109,-23.9529,5.2,0
9.4892,126.1217,4.6,2
-18.8333,168.5937,4.4,0
45.5087,-108.879,3.2,1
15.9446,-98.474,4.3,0
14.187,119.2937,4.5,0
-29.1765,-71.3159,4.5,2
-34.712,-179.2271,4.8,0
17.9566,-66.9195,3.11,1
-57.4996,-25.8549,4.3,2
-29.9834,-176.9418,4.3,0
17.9856,-102.7068,4.5,2
13.4614,126.0933,4.4,0
26.7738,126.3955,4.5,0
-30.1366,-71.5825,5.8,0
44.7607,101.9321,4.5,0
8.9759,-71.0695,4.4,0
-56.4898,-25.9709,4.5,2
38.142,-118.0052,3.9,1
-38.0648,-75.2665,4.3,0
-29.8773,-176.9076,4.6,0
-10.1385,160.9122,4.4,2
29.8693,50.8679,5.0,0
58.7451,158.8651,4.9,0
66.3481,-174.7893,4.0,1
16.7433,-86.0715,4.6,0
29.2893,130.4675,4.4,2
-8.9532,88.148,5.3,0
-59.6295,-26.3869,5.8,0
15.9095,93.0067,4.8,0
53.4329,-163.638,4.3,0
38.9505,21.1077,4.4,0
-3.1843,141.9506,4.1,2
16.9467,-99.4246,4.2,2
-14.8619,166.6438,4.6,0
57.7091,-155.9,3.8,1
53.8258,-165.42,3.3,2
12.2822,147.2823,4.6,0
26.8543,55.1598,4.8,0
51.5042,-173.3028,4.1,2
-29.5158,-176.7996,5.0,0
-3.3591,146.3506,6.3,0
29.5872,141.2794,4.3,2
17.9341666666667,-66.9031666666667,3.12,1
-16.9879,-71.4513,4.6,2
44.3454,-128.961,4.1,0
-6.5222,103.8316,4.1,2
27.6863,56.0947,4.1,0
-2.3062,68.128,4.6,0
51.561,-176.9801,3.5,1
-58.3319,-23.577,4.2,0
15.9298,41.7705,4.9,0
-7.6771,-13.5717,4.5,0
51.83,171.7312,4.3,0
-57.1215,-25.3844,4.6,2
38.0104,36.4372,4.3,0
39.7542,40.744,4.4,0
-20.6455,-173.8984,5.0,0
-26.6811,-71.3883,4.2,0
32.4833,142.4438,4.7,0
31.2587,142.433,4.4,0
-9.0108,67.3168,4.8,0
56.4902,-155.6881,3.5,2
0.8349,122.4479,4.3,2
65.6785,-171.7521,3.4,1
55.4874,-155.0158,3.4,1
40.2915,-124.5188333,3.79,1
26.6559,126.4475,4.3,0
44.7086,109.3821,4.8,0
35.7378,140.1051,4.3,2
64.6242,-164.9754,3.5,1
2.9459,127.2927,4.2,2
-15.3539,-173.7765,4.7,0
51.3316,-176.9501,3.4,1
55.1527,-157.435,3.6,1
-3.5677,142.1721,5.2,0
-30.1647,-176.5127,4.9,0
14.2068,-92.9568,4.5,2
11.3342,-87.0789,5.2,0
-1.9714,133.338,4.4,2
-60.3849,-27.4226,4.7,2
19.2271,-65.9813,3.44,1
-60.1968,-24.8758,4.7,0
17.914,-66.6615,3.2,1
32.2308,141.9171,4.7,0
-58.6086,-25.026,4.6,0
57.1974,-122.1481,4.5,0
38.0902,36.6163,4.1,0
-17.7479,-173.7422,5.1,0
7.1792,-82.6765,4.2,0
34.3639,25.9131,4.3,0
37.5745,36.1435,4.2,0
-4.0251,30.1834,4.1,0
-13.8904,167.8662,4.7,0
19.1871666666667,-155.4835,3.86,2
12.0418,141.6632,5.2,2
51.3366,-174.3441,3.2,1
34.6294,81.9445,4.3,0
19.0023,-64.5156,3.79,1
40.5213333,-124.9323333,4.05,0
35.4969,-3.6974,4.0,1
-15.6963,-72.2077,4.5,0
23.4205,121.5257,4.1,0
8.524,-103.1345,4.4,0
40.4431667,-124.2491667,3.12,1
35.7846667,-117.603,3.13,1
55.4165,-156.5641,3.2,1
-9.8032,159.5193,4.4,0
29.275,142.2764,4.6,0
18.8045,-65.3001,3.32,1
19.4006666666667,-64.7888333333333,3.44,1
-27.4558,-176.557,4.7,0
29.7776,50.5107,4.2,0
37.2507,37.0859,5.3,0
33.5339,140.5066,4.1,2
-32.8763,-179.1526,4.5,2
-9.6208,159.9793,4.1,2
18.0078,-67.0583,3.04,1
32.6061,142.5651,4.8,0
-23.1214,-174.9788,4.5,0
31.66710562,-104.3724967,3.1,1
40.5023,45.3486,5.2,0
-58.3213,-25.0233,5.1,2
-5.8444,153.4687,4.6,0
14.8271,108.2262,4.2,0
38.9863,71.2718,3.7,1
-29.5172,-176.5817,4.7,0
-1.3329,120.4219,4.5,0
-5.0798,153.4587,4.6,2
18.348,-62.9712,4.3,2
10.2773,93.9046,4.2,0
-0.317,129.6944,4.5,0
18.5585,-64.8586,3.46,1
17.7233,-60.9561,4.7,0
52.346,174.0425,5.2,2
-9.7336,107.8241,4.5,0
51.2035,-178.1536,3.2,1
-15.9445,-72.5139,4.9,0
37.7704,141.6617,4.6,2
-58.9178,-25.1008,4.6,0
-58.8263,-25.4746,4.2,2
22.2948,101.7444,4.6,0
-25.843,-70.3344,4.2,2
46.1926,150.2675,4.4,0
52.1095,-166.0236,3.1,1
40.0764,141.8156,4.4,2
52.3856,-168.1494,4.6,2
-31.9409,-71.5512,4.4,2
51.2448,-174.7545,3.9,1
17.6626,-106.1375,4.6,0
18.7373333333333,-67.6571666666667,3.12,1
62.1058,-149.5344,3.6,2
50.2338,-129.6069,4.3,0
57.0975,118.3832,4.1,0
44.4887,149.5786,5.0,2
-37.3857,-179.9969,4.5,0
-13.3484,166.812,5.1,2
-59.3689,-25.8682,4.7,2
35.3543,27.7429,4.5,2
-6.5663,104.3785,4.5,2
-1.2534,123.881,4.1,0
-28.7637,-71.6224,4.6,0
-58.5271,-23.2983,4.4,0
38.1582,38.5532,4.2,0
-27.4605,-176.5277,4.7,0
51.3186,-176.5311,3.6,2
70.8189,-14.0988,4.7,0
27.8661,-43.9852,4.6,0
-6.9706,150.0341,5.1,0
-6.6624,146.7296,4.2,2
19.198,-155.524,3.02,1
-9.7898,159.554,5.6,0
58.1583,-137.6322,4.2,0
56.3831,-155.5301,3.4,1
-21.9542,-68.5283,4.4,0
-57.5472,-25.1906,4.6,2
19.0723,-67.22,3.13,1
-2.3623,140.0115,4.4,2
50.9013,-170.6738,3.4,1
36.28483333,-97.5115,3.52,1
-14.9687,166.0689,5.1,0
-29.7421,-177.1358,4.8,0
-57.9317,-25.1251,4.3,2
-10.0037,159.4659,4.7,0
-39.9152,177.136,3.4,1
2.1059,126.5527,4.7,2
26.5532,128.7527,4.4,0
-31.4595,-177.8983,4.3,0
-3.7738,138.3971,4.4,0
-57.4819,-24.4411,4.3,0
38.0692,73.0921,4.6,2
-10.9897,115.3475,4.5,0
32.1774,141.2899,4.7,2
36.44,-117.8868333,3.22,1
33.3072,49.1269,4.4,0
-22.6416,172.9874,4.7,0
-55.157,-31.5822,4.1,0
36.5368333,-121.1455,3.29,1
0.5497,30.1188,4.5,0
34.1468333,-116.4441667,3.57,1
60.9796,-28.078,4.4,0
-2.4515,115.8883,4.1,0
38.1471,36.3693,4.2,0
-2.9475,129.7907,5.0,0
1.376,127.0503,4.5,0
-31.8396,-71.9959,4.1,0
11.9664,-87.918,4.9,2
55.1422,162.8284,4.1,0
-5.4022,152.3396,4.3,2
-27.9212,-175.9757,4.2,0
-60.4488,-24.763,4.5,0
-31.6176,-179.118,4.3,0
21.0719,-106.3127,5.6,0
-4.9894,129.5866,4.8,0
-17.5594,-70.2162,5.0,0
-1.2003,98.2138,4.6,0
14.0726,119.3264,4.5,0
-58.7981,-25.1619,4.4,2
19.1913333333333,-155.492833333333,3.55,1
-3.0848,137.8113,4.8,2
9.7061,126.01,4.7,0
28.028,87.7888,4.1,2
3.5297,-82.846,4.3,0
-13.8132,166.6088,4.4,2
55.0352,-157.713,3.7,2
60.2003,-151.7259,3.2,2
19.296,-64.6766,3.89,1
29.342,51.8993,4.2,0
19.0276,121.1895,5.2,2
19.4618,-67.6508,3.78,1
18.9431666666667,-64.307,3.19,1
30.2791,51.7852,4.5,0
-47.1003,-11.1408,5.1,0
50.6505,-130.0153,3.8,1
57.297,-154.2645,4.6,0
19.2096666666667,-67.9695,3.32,1
7.4309,-71.9647,4.4,0
31.3552,-115.4005,3.1,1
3.6821,128.794,4.8,0
11.9825,143.708,4.7,0
-13.8596,166.5448,4.6,0
46.3883,149.7423,4.4,0
36.1064,35.7822,4.5,0
14.3425,56.1171,4.4,0
34.7474,98.0852,5.2,0
14.0346,119.2349,4.6,0
0.4166,125.8515,5.0,2
-14.6664,166.8198,4.2,0
2.8024,126.9746,4.5,2
13.7634,93.7206,4.9,2
11.6018,57.6959,4.5,0
-45.642,95.4242,4.5,0
-37.5803,78.0156,4.7,0
31.5138333,-115.7966667,3.1,1
51.9012,176.1028,3.9,2
41.9935,144.9474,5.0,0
-28.6254,-176.5979,5.6,0
17.6631,120.621,4.7,0
-10.775,26.9864,4.4,0
51.1682,178.7803,3.1,1
-20.1783,170.1138,5.0,2
18.7151,147.2035,4.0,1
-2.4665,140.909,4.6,0
18.2923,-65.3035,3.51,1
-23.5358,171.7524,5.0,0
26.1265,125.9878,4.1,0
-37.601,179.9338,4.6,0
-22.8997,171.2107,4.8,0
51.5639,-176.9047,3.4,1
24.0683,143.0109,4.8,0
-33.1805,-178.5971,4.4,0
9.0785,-84.0692,4.7,0
-20.6021,-175.4491,4.5,0
-60.3908,-25.0289,4.5,0
24.8856,122.5647,4.6,0
43.7732,-129.8999,3.8,1
-55.8026,-30.1487,4.7,0
53.7158,-35.2246,4.5,0
-8.3103,150.3529,4.8,0
39.5929,143.5279,4.2,0
-60.2672,-44.9292,4.5,0
33.9496,134.5716,4.9,2
23.4481,142.9353,5.2,2
25.5883,127.9662,4.2,0
-59.9835,-26.1042,4.6,0
-23.3234,171.7152,4.5,0
-15.096,166.8104,4.7,2
15.205,-93.3463,4.8,2
10.7745,92.8626,4.5,2
38.1343,38.2167,4.4,0
19.36,119.9796,4.3,0
14.1134,119.3529,4.7,0
8.1693,-39.0774,4.6,0
16.9929,147.1079,5.4,0
24.9119,122.778,4.5,0
27.1965,141.5457,5.8,2
-16.2922,-173.1324,4.5,2
42.3951,-126.5264,3.6,1
-23.3484,171.7135,4.7,0
14.0402,119.3954,4.6,0
19.1023,-67.6515,3.16,1
-3.2916,67.9978,4.3,0
13.8433,-92.0054,4.6,2
-59.7664,-26.7145,4.4,2
4.0461,95.7566,4.6,2
-30.4517,-177.4975,4.9,0
52.0234,177.2534,3.8,1
-59.6039,-26.1894,5.9,0
39.864,22.1084,4.1,0
18.2118,-68.4573,3.6,2
27.9572,143.0247,4.1,0
-51.4311,139.0463,4.4,0
33.764,-115.9403333,3.3,1
-38.0599,-94.4342,4.4,0
37.5982,141.5928,4.3,2
21.1527,99.998,4.6,0
6.1153,127.0527,4.5,2
-14.1202,-169.4673,3.7,1
54.2835,-161.3555,3.8,1
-22.7369,171.9044,5.8,0
31.632,140.9907,4.6,2
52.2258,-173.7465,3.1,1
-23.3722,171.987,4.7,0
35.3307,27.1376,4.9,2
14.8806,122.2849,4.5,2
-27.9832,-177.5987,4.5,0
19.4056,-65.8381,3.9,1
-30.3248,-177.7278,4.7,2
-37.1814,-17.2321,4.9,0
23.9876,122.3434,4.9,0
51.4555,-177.0912,3.4,1
35.2774,141.5336,4.7,0
-14.0689,-169.4516,3.5,1
50.9092,178.2279,3.3,1
19.1478333333333,-66.2506666666667,3.36,1
-29.336,-176.8262,4.5,0
-30.1475,-177.0249,5.8,0
4.2505,126.7251,4.2,2
-3.8159,151.4158,5.0,0
-58.4565,-24.9676,5.0,2
-2.0477,139.3901,4.8,2
-61.7586,-55.2296,4.7,0
51.8992,-177.9767,3.1,1
-17.285,-172.2485,4.5,0
-9.2319,111.3242,4.3,2
-18.3848,168.0706,4.9,2
51.1171,-179.5065,3.4,1
4.8591,127.1016,4.4,2
-6.5759,131.0137,4.6,2
18.8988333333333,-65.0085,3.27,1
14.4571,123.3593,4.5,2
17.9818,-66.8348,3.58,1
29.255,129.4268,4.4,0
-48.3766,30.6372,4.6,0
0.5219,126.5052,4.7,2
31.2058,142.2465,4.8,0
18.7592,146.874,4.6,0
26.8101,55.2587,4.1,0
54.8155,-161.0596,3.3,1
43.0243,145.0382,4.3,2
11.816,143.2028,4.6,0
38.6126,-118.4684,3.1,1
-28.4263,-176.4064,4.3,0
51.3475,159.4444,4.2,0
28.3047,142.6593,4.6,0
41.1226,77.8721,4.2,0
-15.2502,-172.9633,5.8,0
55.4199,-157.0496,3.5,1
35.9515,-117.4663333,3.27,1
51.1792,-178.4357,3.3,1
-6.3363,151.5788,4.5,0
-62.7474,-61.1769,5.0,0
15.128,-94.8084,4.2,0
30.052,131.0214,5.0,2
53.9264,-35.0799,4.7,0
-18.7306,-176.4422,4.3,0
4.398,62.5613,4.8,0
44.162,43.2882,4.5,0
-60.2246,-26.9808,4.8,2
-19.3337,169.7391,4.5,0
50.2492,-177.9979,3.4,1
-13.9491,170.2816,4.4,0
-20.5374,-11.5848,4.7,0
19.1511666666667,-155.507166666667,3.54,1
-29.0426,-176.8081,4.8,2
-6.0936,149.8476,4.7,2
-59.2944,-25.26,4.5,2
56.1814,-134.9484,3.8,1
-11.2976,118.5605,4.8,0
-24.1843,170.9707,4.6,0
19.2026666666667,-155.391,3.04,1
-30.1435,-176.7304,4.7,0
0.0627,96.5698,4.3,0
31.65262315,-104.476244,3.2,1
18.23,-68.5195,3.32,2
-8.256,115.6356,5.2,0
29.559,102.166,4.3,0
43.893,148.6192,4.8,0
19.1513333333333,-66.4856666666667,3.12,1
-10.7758,164.2895,5.7,0
-57.4348,-24.8197,4.9,0
-22.2284,-173.8786,4.4,0
51.2835,-178.3127,3.4,1
-57.9176,-25.5791,4.7,2
-33.6572,-72.4951,4.6,0
34.0313,57.1703,5.3,0
-2.9818,100.0251,4.3,0
-55.1839,-35.8115,4.6,0
37.5,-121.6206667,3.35,1
2.6702,127.1304,4.3,2
56.0187,-149.2536,3.8,1
16.5957,-98.1903,4.5,0
-16.3334,-173.8028,4.5,2
1.3673,126.4272,4.5,0
75.851,-122.08,4.2,0
52.8086,-157.5767,3.4,1
24.3171,93.8462,4.0,2
36.2078,141.8615,4.8,2
53.1369,-166.7334,4.0,1
-7.5589,-13.6365,5.0,0
-8.4841,128.2283,5.0,0
3.6435,126.5577,4.7,2
35.5562,26.6217,4.1,0
-30.8544,-179.1897,4.1,0
9.8491,-86.2839,4.4,0
-29.9065,-177.9672,4.8,2
-6.501,147.2223,4.5,2
17.1543,77.0051,4.3,0
51.0997,-177.4505,3.1,1
3.604,127.2954,4.1,2
61.5986,-149.6475,3.4,1
11.9717,-88.4671,4.4,0
19.2336,-67.3803,3.59,2
51.3731,-178.3091,5.0,2
44.2501,-129.4346,3.8,1
-7.0625,155.2966,4.6,2
-9.8429,155.1483,4.4,0
17.9311666666667,-66.9548333333333,3.15,1
-3.8512,101.8071,5.0,2
38.0299,38.2134,4.2,0
43.4917,-127.5577,3.2,1
26.896,55.1476,4.3,0
-4.5627,152.6626,5.2,2
19.4196,-68.8483,4.17,0
16.4066,-97.9989,4.3,2
33.071,-115.9626667,3.37,1
43.8249,-129.1105,3.8,1
36.9459,23.178,4.4,0
-8.1103,123.7262,4.3,0
12.0566,-87.9238,4.6,2
-54.3009,-118.7312,4.6,0
50.839,-173.789,3.1,1
19.2058,-66.5738,3.64,1
-52.6656,27.4051,4.3,0
36.4903,132.5791,4.3,0
33.0148,141.455,4.6,0
23.0704,121.4319,4.2,0
-29.4694,-176.1209,4.3,0
27.917,54.3749,4.1,0
-25.2104,-175.2426,4.9,0
-6.1925,133.3257,4.6,0
37.8607,101.0925,4.3,0
-25.7586,-70.8877,4.3,2
38.0663,36.5541,4.2,0
-4.8153,68.5405,4.5,0
31.9225,-117.2573333,3.57,1
29.8581,-113.826,4.4,0
-29.9316,-176.7293,4.8,0
55.1516,-157.1159,4.8,0
-3.1667,139.7643,4.4,2
-1.5178,99.8911,4.2,2
29.9182,-113.8046,4.7,0
53.1969,-35.6635,4.5,0
38.6363,35.2749,4.7,0
-5.0988,151.168,4.1,0
51.6708,-174.6472,4.2,2
19.2883,-64.3851,3.76,1
-59.147,-25.6524,4.8,2
39.3093,143.6793,4.3,0
52.3152,-167.6497,3.8,1
35.1634,141.5889,4.6,0
-4.3912,134.0102,4.4,0
62.1293,-150.3652,3.5,2
-1.5139,-80.4564,4.5,2
-32.5685,-178.894,4.3,2
-53.0804,22.1834,4.6,0
1.1643,96.8375,4.2,0
-42.7139,41.9433,4.8,0
60.9138,-149.4927,3.9,2
38.8824,-29.3694,5.4,0
7.1833,127.122,4.6,0
-3.184,135.9087,4.5,2
52.2365,-167.4941,3.7,1
-16.311,66.9078,4.5,0
52.7997,-166.7428,3.4,1
11.3659,-86.7853,4.5,2
-59.9651,-26.4933,5.1,2
-60.0121,-25.9333,4.8,0
24.722,-45.5823,4.5,0
-56.303,-26.1282,5.1,0
7.6391,-36.7668,4.7,0
19.2486666666667,-155.393166666667,3.14,1
3.6115,126.9024,4.4,2
28.2577,55.2753,4.7,0
-27.8698,-176.5434,4.5,0
-4.7307,102.6334,4.9,2
32.3944,141.3487,4.3,0
33.1395,-115.6378333,3.25,1
53.7525,-164.3367,3.5,1
61.5876,-150.576,3.3,1
-22.4022,170.6734,5.0,0
39.6025,-120.4031667,3.3,1
3.0151,127.0689,4.7,2
6.2709,127.1703,4.4,0
-35.587,-104.3408,4.6,0
-26.0798,-65.4393,5.6,0
-16.8597,35.5423,4.0,1
35.0547,25.1486,4.2,0
22.3739,121.1883,4.4,0
-22.7819,171.3482,5.3,0
19.1953,-64.8893,3.78,1
-25.3654,-70.8669,4.2,2
31.723,50.3645,4.4,0
-22.6564,171.3591,4.5,0
31.72073247,-104.5270042,3.2,1
-57.8639,-23.4168,4.5,0
-5.3419,151.8965,4.3,2
-23.2554,170.8916,4.6,0
2.903,126.6469,4.6,2
19.4213333333333,-155.617,3.01,1
-20.7912,-175.3503,4.7,0
-30.699,-71.437,4.0,2
25.4911,-45.4058,4.6,0
54.2733,-162.5201,3.1,1
-9.1744,110.3448,4.3,2
-17.7325,-171.1753,5.0,0
-23.1785,170.0789,4.7,0
2.8189,126.8519,4.6,2
-58.4565,-24.9676,5.0,2
-34.0928,-178.739,4.6,0
35.5415,24.8527,4.4,2
-16.3763,-173.4773,4.3,0
61.2598,-139.5445,4.2,0
17.9463333333333,-66.5216666666667,3.02,1
36.1213,36.1681,4.3,0
17.8063,-66.812,3.21,1
-23.3433,171.733,4.5,0
-17.6209,168.0817,4.7,2
18.0156,-68.5058,3.8,2
-2.8525,139.3642,4.4,2
36.5941667,-121.1905,3.22,1
-29.7396,-177.1111,4.3,0
-20.0888,170.1212,4.8,0
33.1506667,-115.6195,3.61,1
37.8249,141.7074,4.2,2
43.8965,13.4088,4.3,0
55.1698,-158.4167,3.2,1
0.9662,99.3803,4.4,0
-26.85,-175.7982,4.6,0
68.5892,-148.5912,3.1,1
-31.7794,-178.9184,5.0,0
19.2085,-64.3168,3.41,1
-28.2896,-177.6283,6.1,0
-23.0743,170.7353,4.6,0
-6.081,103.739,4.6,2
14.858,52.1551,5.3,0
-9.1792,123.9135,4.6,2
-5.3541,152.3988,4.7,2
-37.4767,-179.4021,4.6,0
0.4517,126.2458,4.5,2
-40.3059,-74.0928,4.1,0
19.6496,-65.734,3.8,2
17.8425,-66.8976666666667,3.21,1
33.2686,139.289,3.9,1
18.9135,-64.7086666666667,3.39,1
26.4087,54.293,4.6,0
-23.2812,170.584,5.3,0
-4.7849,133.8681,4.6,0
19.854,-67.5806666666667,3.39,1
18.802,-65.4596,3.48,1
-35.3208,-106.2205,4.7,0
4.3409,-74.2762,3.8,1
28.0496,-112.14,4.0,1
64.1598,-17.7896,4.3,0
2.8125,126.4444,4.2,2
54.509,-161.2442,3.1,1
-14.6331,-76.4096,4.7,0
43.0829,-29.0017,4.3,0
26.7944,126.4725,4.5,0
-6.3114,154.9131,4.2,2
-63.5219,170.1107,5.6,0
-27.6824,-178.1406,4.3,0
27.5471,56.1092,4.6,0
23.2239,123.905,5.1,0
44.1344,-129.084,4.5,0
9.6206,-84.8992,4.1,2
-6.059,142.6661,4.6,0
32.7172,142.4545,5.0,0
38.0849,37.166,4.4,0
-58.7836,-25.7928,4.4,2
27.0439,141.2072,4.5,0
-28.6052,-176.0235,4.4,0
19.2018,-66.5618,3.55,2
10.1855,94.0655,4.3,0
-54.2592,-136.4989,5.2,0
53.2464,-164.1321,3.9,1
-29.125,-176.7145,4.9,0
56.4509,-148.4345,3.1,1
51.7722,-175.9319,5.0,2
25.3075,-45.39,4.4,0
12.1814,-87.8393,4.8,2
-20.6587,-175.3833,4.9,0
-30.2998,-177.3393,4.8,0
53.9051,-164.1424,4.0,2
23.91,121.6352,4.7,0
19.2461,-67.2453,3.31,1
19.2325,-155.393,3.02,1
52.3086,178.1808,3.6,1
-2.6771,123.1075,4.6,0
9.7706,-84.2785,3.9,1
-11.0689,162.1132,4.3,0
-27.1564,-176.3376,4.3,2
-24.6611,-175.1754,4.5,0
51.3885,-175.0333,3.2,1
55.7767,164.3335,4.2,0
37.9259,71.716,4.5,0
37.9939,36.4771,5.0,0
19.4728333333333,-155.591166666667,3.71,1
38.5228,-119.5018,3.2,1
51.7277,100.3354,4.4,0
26.7549,126.6159,4.9,0
-29.7901,-176.9616,4.6,0
-26.8162,26.4407,3.7,1
27.4834,142.7793,5.0,0
54.3868,-160.772,3.2,1
-29.1723,74.9416,4.5,0
54.7289,-161.2984,4.8,2
34.7857,26.3309,4.1,2
-23.5245,171.3187,4.7,0
-18.7923,-173.8095,5.6,0
52.229,-167.6081,3.1,1
26.8389,55.1889,4.0,1
10.8911,141.0162,4.2,0
17.9475,-66.8401,3.21,1
54.3619,-159.6284,4.4,0
-4.6116,153.0343,4.7,2
27.4901,56.2629,4.1,0
18.9401,-67.4645,3.31,1
37.0695,96.9059,5.0,0
-4.3231,134.3304,4.1,0
31.60898616,-103.9849391,3.3,1
14.4148,-93.5484,4.6,0
-60.2304,-24.1535,4.4,0
43.0018,145.3508,4.4,2
37.5099,137.3075,4.9,0
-28.0233,-176.3385,4.4,0
19.1811,-66.0073,3.55,1
17.9225,-66.7165,3.06,1
23.5966,121.5658,4.4,0
61.7308,-150.8166,3.1,1
19.2589,-63.1206,3.2,1
-58.7571,-25.0731,4.6,0
-19.0222,-173.7036,4.5,2
19.1173333333333,-66.4715,3.38,1
-2.6318,68.05,4.5,0
18.8441666666667,-155.211833333333,3.03,1
-29.008,-176.7459,5.1,0
45.4702,16.3163,4.1,0
10.5024,138.9374,4.8,0
24.8686,122.6577,4.5,0
-34.553,-73.7145,4.3,0
5.8027,126.6275,4.2,2
-2.5325,140.179,4.5,0
29.2546,129.5446,4.7,0
56.2907,162.0551,4.0,1
51.7748,-175.1859,3.9,2
17.1399,147.0627,4.4,2
-3.756,151.2407,4.5,0
-37.2089,179.5488,5.0,0
19.0716666666667,-65.7503333333333,3.27,1
40.1867,19.8297,4.3,0
52.1978,-168.0249,4.1,0
34.7738,39.6992,4.4,0
51.3779,-176.2542,3.4,1
-14.9811,166.7238,4.4,0
-1.3668,-14.3473,4.5,0
35.6487,-111.655,3.4,1
54.4041,-159.649,3.1,1
26.753,92.4736,4.4,2
2.4831,97.0361,4.5,0
18.1485,-67.6688333333333,3.25,2
-6.3565,154.1028,5.0,0
35.7477,140.6295,4.4,2
51.197,-179.8263,3.3,1
38.1518,22.0419,4.4,2
2.6363,127.1828,4.1,2
-57.3502,-25.8893,4.2,2
12.0261,-89.0331,4.0,1
19.0538,-63.9173,3.86,2
-37.1933,-179.3205,4.2,0
21.4324,143.8371,4.6,0
30.2556,66.4514,4.2,0
38.327,22.1427,4.6,0
23.0859,121.2505,5.1,0
54.6451,-156.7276,3.3,1
7.7406,91.7514,4.3,0
44.507,-129.2639,3.5,1
35.0836,14.2162,4.4,0
36.3313,36.0996,4.2,0
44.1574,148.3205,5.0,2
5.7369,-30.9091,4.7,0
55.2481,-159.559,3.1,1
54.5363,-159.7463,3.2,1
-29.7282,-177.175,5.0,0
13.6739,-92.0535,4.4,0
32.2498,142.5869,4.4,0
14.6695,39.8764,4.4,0
51.6431,-173.918,3.4,1
1.4774,67.6808,4.4,0
-18.1276,167.5834,4.5,0
38.8176667,-122.8078333,3.27,1
-32.107,-72.1973,4.6,0
56.2348,-149.402,3.8,1
29.9765,141.9049,4.2,0
19.1035,-65.9973333333333,3.22,1
37.8868,36.2951,4.7,0
38.0296,73.0064,4.2,0
45.7194,151.4113,4.5,2
52.1308,174.061,4.0,2
52.3613,-170.525,3.3,1
53.4392,-163.6347,3.7,1
-33.8834,179.7103,5.2,0
18.9481666666667,-67.4285,3.37,1
-33.3532,-178.2272,4.8,0
18.0643,-67.806,3.07,1
52.1568,-170.6275,3.5,1
53.8473,-35.2628,4.4,0
-10.156,126.6991,4.6,0
-6.9452,154.5441,4.7,0
22.5407,121.0683,4.6,0
57.1463,-155.0386,5.3,2
51.9091,-171.2172,3.7,1
22.3622,101.701,4.3,0
-5.6458,-81.0435,4.4,0
-8.2075,107.5458,4.6,2
-38.6844,-91.6297,4.4,0
38.5136667,-119.5428333,3.29,1
-59.2149,-23.7976,4.4,0
37.8722,37.5853,4.7,0
0.0647,125.7838,4.1,2
52.1166,-167.7785,4.0,1
19.2666666666667,-155.804833333333,3.07,1
19.238,-68.9336,4.08,0
-60.6283,-27.6125,4.6,0
-6.0358,151.5255,4.9,0
28.8039,84.0135,4.5,2
12.1998,120.6241,4.2,0
31.2652,142.3826,4.4,0
-56.981,-25.0802,4.9,0
-23.3903,171.7565,5.3,0
-6.5543,131.1269,4.0,2
-28.9426,-176.4374,4.5,0
3.7916,63.4641,4.4,0
2.7353,126.3761,4.3,2
36.2381,141.9013,4.9,0
58.416,-32.1112,4.5,0
-58.214,-23.5754,4.1,0
-2.598,140.5588,5.1,0
-7.8928,107.331,4.3,2
19.0971,-68.5058,3.9,1
-58.1795,-23.7305,4.7,0
-2.8938,101.0849,5.1,2
-55.8803,-26.4976,5.1,0
25.76,-45.0419,4.6,0
-39.2706,176.975,4.3,2
-38.0661,-93.7642,4.4,0
-20.8419,-175.4082,4.7,0
-10.9476,123.6777,4.6,0
-10.6203,165.5872,4.4,2
9.921,94.2657,4.1,0
37.9553,38.2894,4.3,0
17.7907,120.8663,4.8,0
-58.0822,-25.0017,4.6,2
44.9396,80.9549,4.1,0
51.1637,-177.9858,3.2,1
31.66404537,-104.3471714,3.1,1
1.735,126.5451,4.2,2
33.4806667,-116.4261667,3.27,1
-16.3741,167.3357,4.6,0
-58.2084,-23.6302,4.7,0
-32.7724,-177.7428,4.6,0
35.4592,140.4862,4.2,2
54.6897,-156.7818,3.5,1
27.3091,52.9937,4.0,1
18.2633,-102.9554,6.8,0
19.2813,-65.1343,3.35,1
-50.6107,96.8509,4.7,0
24.769,-44.7868,4.5,0
39.461,-120.3145,4.65,0
-63.1658,170.0955,4.3,0
54.9019,161.8524,4.1,2
36.7045,23.0422,4.1,0
17.9506,-67.0036,3.17,1
-6.5577,148.7466,4.3,2
19.3736666666667,-67.2156666666667,3.18,1
37.7238,37.8026,4.5,0
42.4632,143.2444,4.8,2
-59.0737,-25.2111,4.3,0
34.3023,141.5669,4.4,0
18.5423,-66.9445,3.62,1
40.4367,144.9976,4.3,0
-8.1302,120.5341,4.4,0
53.1398,-166.7933,3.4,1
16.6797,-98.9887,4.1,2
27.716,56.2185,4.1,0
-6.8028,105.7018,4.1,2
-26.2789,-70.8983,4.6,0
18.7915,-68.3981,3.21,1
-5.0662,153.1953,4.1,2
5.0833,32.2789,4.5,0
53.526,-159.1303,3.3,1
-4.8902,-80.7209,4.5,2
-37.7883,179.6016,5.2,0
40.3495,-123.5185,4.32,2
-60.5542,-26.1986,4.2,0
40.0765,142.2057,5.0,2
32.1371667,-114.9808333,3.47,1
-23.8279,-175.4507,4.7,0
53.318,-160.6051,3.1,1
-58.8501,-149.5767,4.9,0
41.5206,46.7115,4.2,0
-55.715,-27.1882,5.4,2
-5.9937,146.5753,4.4,2
62.8651,-148.197,3.8,2
30.9474,56.4544,4.2,0
33.2022,139.1515,4.1,0
38.4058,22.0523,4.4,0
38.9297,141.995,4.3,2
3.356,126.6344,4.6,2
0.2915,126.1679,4.2,0
-32.014,58.0314,4.3,0
-28.9676,-176.6294,4.9,0
53.6108,160.9479,4.1,2
32.4848,142.964,4.4,0
40.1318,142.1822,4.4,2
37.815,144.2663,4.1,0
23.8447,122.4984,4.1,2
2.3235,128.9316,4.8,0
-30.5562,-71.8185,3.9,1
-60.2964,-27.6049,4.5,2
24.7717,122.4405,4.4,0
52.8372,-168.5124,3.3,2
51.5034,179.5813,3.1,1
17.9643333333333,-66.9183333333333,3.3,1
-30.31,-177.2566,4.7,0
14.1476,-91.3982,6.2,2
-58.1723,-25.0161,4.6,2
54.7709,-158.5893,4.3,0
6.7301,126.1069,4.8,2
37.6641,36.608,4.4,0
-6.1875,-81.575,4.6,0
41.5206,46.7115,4.2,0
54.3589,-159.6936,3.1,1
10.4909,139.0299,4.9,0
19.276,-64.1155,3.93,1
-48.2982,-9.9197,5.7,0
-5.2338,151.9558,4.5,2
34.208,45.5762,4.1,0
51.9655,-178.1293,3.9,1
4.2367,126.7954,4.3,2
13.5076,-91.2252,4.3,2
-26.2492,70.969,4.4,0
-22.0415,171.2427,4.0,1
-32.477,-71.8974,3.9,1
-8.1316,104.2656,4.7,0
52.8358,-167.651,3.7,1
21.1335,59.5307,4.6,0
-23.6273,-175.6507,4.5,0
19.187,-155.487,3.82,1
35.8136,140.7691,4.8,2
36.2637,68.4836,4.0,2
17.9926,-66.8686,3.11,1
17.9268,-66.8733,3.32,1
60.8134,-44.1031,4.1,0
23.4,121.955,4.2,0
43.7511,-130.12,3.8,1
28.0164,56.8966,4.2,0
19.1456,-64.7561,3.39,1
17.9155,-66.7471,3.05,1
-28.0197,-64.4988,4.5,0
13.3924,120.7356,4.2,2
31.1709,142.3912,4.3,0
18.6856666666667,-67.4543333333333,3.08,1
-52.6648,140.085,4.8,0
46.7092,152.6035,4.8,2
-38.3815,-75.2656,5.5,0
-8.0112,120.2712,4.4,2
38.8348333,-122.8106667,3.05,1
41.5709,142.0811,4.3,2
19.2036666870117,-155.411163330078,3.11,1
-23.1714,171.9064,5.0,0
-20.3152,169.3878,4.2,2
12.2843,-89.4182,4.4,0
-3.7721,101.8354,4.5,2
-14.0741,-169.4585,3.1,1
39.6189,74.7829,4.5,2
-33.8185,179.7827,4.9,0
54.4839,161.2282,4.4,2
-29.9358,-68.7747,4.4,0
-8.4223,130.5502,4.3,0
-52.4396,26.4463,4.9,0
-33.0508,-179.4076,5.3,2
55.6027,-155.6971,3.7,1
44.9228,142.107,4.5,0
2.8084,127.1186,4.2,2
-3.5307,151.2021,4.5,0
32.3854,141.7757,4.2,0
37.4769,137.3014,4.1,0
44.1458,-130.1453,3.5,1
-10.0589,-79.2898,4.5,2
53.9861,-35.2428,4.5,0
-0.4676,-19.7708,4.4,0
-34.439,-179.0208,4.6,0
-23.6688,69.7005,4.6,0
-6.2425,152.8081,4.6,0
-3.5551,131.4352,4.5,2
-53.7815,141.4926,4.0,1
18.8413333333333,-67.6691666666667,3.29,1
56.2657,-149.4002,3.1,1
18.8073,-67.4881,3.42,2
15.2676,119.8584,4.9,2
-58.355,-24.9238,4.9,0
18.2278,-67.8003,3.16,1
32.0854,50.2177,4.4,0
18.987,-65.031,3.76,1
-49.1712,105.6391,4.9,0
-1.9652,29.6147,4.2,0
55.9658,-149.3074,3.2,1
-29.6205,-177.1027,4.5,0
31.60155272,-104.0085728,3.7,1
6.421,124.7491,4.6,0
19.0413333333333,-155.416166666667,3.48,1
11.9485,125.9598,4.4,0
54.7368,163.1803,6.6,0
-5.1856,134.1104,4.3,0
15.1557,-104.5558,4.6,0
36.4851,3.0791,4.0,1
18.7808,-66.4228,3.1,1
39.7231,22.211,5.0,0
3.1965,126.6683,4.7,2
19.5543,-65.7555,3.77,2
-47.2908,-13.3171,5.1,0
17.9743333333333,-65.3523333333333,3.2,1
22.0804,121.5595,4.8,0
37.8437,142.0163,4.5,2
13.8074,-91.4614,4.3,2
-23.1706,171.7679,5.2,0
31.66410315,-104.3748927,3.5,1
35.5502,-3.6409,4.2,0
79.3714,6.0033,4.4,0
-5.9531,142.0258,4.4,0
32.75482178,-100.6529869,3.1,1
54.4157,-171.4419,3.2,1
33.3767,139.3714,5.4,0
48.8647,154.9113,6.0,0
-58.6234,-23.3329,5.4,0
-0.2599,151.225,4.6,0
29.6904,102.0311,4.9,0
37.5961,141.7507,4.6,2
-22.2506,171.0023,5.5,2
-33.2427,-178.5232,4.5,0
17.0539,-99.7361,4.0,1
19.2203333333333,-155.442666666667,3.17,1
-19.4893,-70.0428,4.4,2
-6.2231,133.2912,4.1,0
-30.2785,-177.6411,4.5,0
20.5026,145.331,4.5,0
-2.8954,130.0212,4.5,0
-22.8394,170.5976,4.4,0
-8.0082,122.3146,4.6,0
-57.8941,-25.151,4.4,2
-37.4455,-179.9916,4.9,0
8.9572,-76.3312,4.6,2
11.8343,144.4361,4.7,0
-2.5777,140.6658,4.6,0
14.8206,54.9557,4.3,0
19.6805,101.1637,4.7,0
2.8811,128.6623,5.0,2
-3.9148,146.6901,6.1,0
-52.5419,-71.7233,4.2,2
-3.5578,151.4221,5.8,0
-60.1965,-26.764,5.1,2
0.2908,96.6509,4.4,0
40.2757,51.7212,4.3,2
-7.7645,118.6102,4.4,0
-58.8461,-24.8047,4.1,0
19.1218,-66.9506,3.23,1
84.1326,-1.3384,4.2,0
31.56190495,-104.100593,3.3,1
54.3483,-159.9196,3.1,1
51.4205,159.8541,4.5,0
31.68414439,-104.4030641,3.2,1
34.9153,139.8636,4.4,2
38.8081667,-122.8013333,3.27,1
-59.6415,-26.1047,5.1,2
19.5368,-63.7621,4.19,2
59.3564,-138.3292,3.4,1
19.4605,-155.588833333333,3.48,1
-32.7523,-71.9165,4.5,0
13.6663,-90.6822,4.3,2
35.306,140.2173,4.3,2
66.6207,-147.8226,3.4,1
39.4923,143.3666,4.5,2
31.8191,-10.2808,4.2,0
-3.7491,142.7969,5.0,0
-31.7894,-68.8686,4.3,0
11.206,125.8416,4.3,2
20.9657,-45.7349,4.6,0
31.5042,-133.351,6.0,0
56.4368,162.0907,4.1,0
67.5314,-166.5684,3.8,1
-45.5667,-76.6811,4.5,0
14.7655,-45.3075,4.7,0
-19.1686,167.5747,4.9,0
-29.1429,-176.665,4.5,0
8.5008,126.8305,4.4,0
-14.9061,166.672,5.2,0
-34.091,-179.7818,4.4,2
-14.086,-169.4588,3.1,1
-59.8885,-26.6829,4.9,2
-10.0269,159.8647,4.6,0
-23.2712,171.1156,4.6,0
-35.8278,-73.6095,4.4,0
43.8461,-129.7574,3.3,1
-4.6776,122.6894,4.2,2
-58.643,-25.5231,4.4,2
-59.7125,-26.104,4.9,2
-58.1271,-23.5422,4.7,0
-3.4837,130.9525,5.3,0
18.3476,146.7198,4.5,2
-0.5722,87.0685,4.8,0
-59.8764,-29.179,4.5,0
42.59,146.5031,4.2,0
-27.5907,-178.1804,4.6,0
51.5572,159.8514,4.2,0
-54.3145,5.2386,4.8,0
32.0539,105.0998,4.6,0
0.2113,96.7087,4.2,0
-60.3968,-25.8271,4.4,0
-21.9438,170.7305,4.5,2
34.8992,141.7647,4.5,0
16.1693,-95.9576,5.5,0
38.7475,142.3096,4.0,2
-28.256,-177.5217,4.6,0
38.1706,-117.8386,3.1,1
-50.1928,112.6758,4.6,0
37.1019,54.6552,5.0,0
51.9702,-178.1602,3.7,1
18.8743333333333,-155.516666666667,3.05,1
66.4833,-17.6882,4.1,0
-30.2003,-177.0821,4.5,0
33.0896667,-117.6228333,3.14,1
-28.9814,-71.7677,4.2,0
-58.0176,-25.6607,4.9,2
14.6765,-45.033,4.3,0
24.5316,122.2732,4.6,2
17.9275,-66.9091,3.58,1
-11.9562,166.01,4.9,0
53.1524,-166.7195,3.4,1
-8.6365,127.4978,4.8,0
35.2038333,-118.6721667,3.08,1
38.5151667,-119.5275,3.07,1
-12.1133,166.0022,4.2,0
52.3507,-167.8316,3.2,1
10.2666,94.2833,5.0,0
-2.3369,119.2425,4.6,2
31.67945261,-104.3822948,3.1,1
-48.0472,31.4698,4.5,0
-36.5188,-98.87,4.6,0
19.3361666666667,-155.1925,3.01,1
0.5558,125.4306,4.4,2
38.2189,73.1588,4.6,0
14.235,-93.5722,4.1,0
-12.7518,66.364,4.7,0
19.2353,-67.1851,3.7,1
-4.52,153.299,4.4,2
54.1231,-35.0328,4.6,0
-53.6499,140.9727,4.4,0
18.9926,-68.5378,3.58,2
-55.9272,-27.2902,4.7,2
-10.0258,153.0798,4.3,0
-34.8091,54.3827,5.1,0
-8.3422,-79.9674,5.8,0
-6.2943,154.8905,4.2,2
28.6881,-43.6373,4.3,0
37.7109,-97.2378,3.4,0
27.528,56.2921,4.2,0
24.7694,122.2259,4.9,0
26.671,54.353,4.6,0
-36.9758,-74.0214,4.4,0
-37.8965,-74.7179,4.5,0
-60.3554,-28.1377,5.4,0
-57.2655,-25.5067,5.7,0
37.7729,144.43,4.3,0
7.3744,94.48,5.1,0
-6.1524,122.9868,4.8,0
-28.8409,-177.36,4.3,0
-29.7123,-177.3169,4.7,0
38.3267,73.0051,4.5,0
-29.3256,-176.2484,4.2,0
-11.1836,112.5312,4.4,0
-6.486,-80.8571,4.5,2
17.9416,-67.0975,3.11,1
38.7587,141.9998,4.8,2
25.9991,128.5121,4.2,0
17.9406666666667,-66.9503333333333,3.19,1
19.0791666666667,-66.834,3.44,1
-7.6129,122.3166,5.6,0
3.7084,126.7462,4.7,2
13.2039,51.0051,4.7,0
5.5906,78.943,4.5,0
-4.0941,133.5606,4.1,0
23.3057,121.5349,4.5,2
18.8516666666667,-65.176,3.22,1
-3.3085,135.8008,4.5,0
35.3962,-3.7318,4.4,0
51.469,-176.048,3.9,2
32.6059,142.4952,4.2,0
19.163,-67.0873333333333,3.33,1
28.8093,87.5826,4.2,2
52.2908,-173.1214,3.1,1
14.3229,56.6603,4.3,0
44.7809,10.7829,4.6,0
-16.7976,-173.4055,5.0,2
0.3537,126.2561,4.5,0
24.8926,122.5856,4.8,0
-59.0234,-25.6342,5.2,2
18.024,-66.8218,3.28,1
-58.256,-23.2765,4.4,0
27.1648,53.2063,4.3,0
37.8934,37.6383,4.3,0
-3.6943,68.4041,4.7,0
-41.8972,85.0584,4.4,0
-14.94,-75.5263,4.8,0
-8.0904,120.7908,5.5,0
32.7042,132.0314,4.9,2
41.9153,82.5761,4.4,0
-28.6299,74.0194,4.5,0
-60.311,-27.2159,4.5,2
11.6054,144.5132,4.6,0
2.3778,127.6472,4.3,0
-5.6727,101.7018,4.3,0
-30.0437,-177.6391,4.4,2
24.8877,122.5171,4.3,0
-59.0182,-25.5601,4.9,2
19.2298333333333,-64.8238333333333,3.38,1
-1.9136,-80.0795,4.7,2
-28.3235,-65.2158,4.4,2
33.3812,139.2314,4.3,0
-3.7971,151.2812,4.8,0
-25.3542,-70.5138,5.2,2
14.2504,119.4691,4.6,0
-18.0787,-172.1475,4.5,0
0.291,98.3067,4.9,2
-23.3389,171.5859,4.8,0
-21.9019,170.257,4.5,0
2.7244,127.1493,4.5,2
17.9646666666667,-66.9481666666667,3.12,1
26.1381,128.634,4.5,0
-9.8415,159.9651,4.9,0
18.0501666666667,-65.3995,3.07,1
4.5264,95.1193,4.6,2
-58.478,-23.7243,5.1,0
51.3764,177.9434,4.2,2
-57.9297,-25.6864,5.3,2
18.5446,-67.5796,3.2,1
7.3141,127.3207,4.6,0
38.6221,99.6521,4.4,0
-16.3824,167.72,4.3,2
-6.0883,149.828,6.2,0
51.3347,-177.7616,3.4,1
-29.8599,-177.8541,5.9,0
-23.0792,170.6146,4.6,0
24.9642,122.634,4.3,0
-15.9113,-172.7053,4.9,0
15.9055,144.8746,4.5,0
14.1319,119.2266,4.7,0
-30.1093,-177.0339,4.6,0
36.6781667,-121.3041667,3.22,1
56.2677,-156.546,4.2,2
32.1573,104.6416,4.5,0
55.0088,-158.0028,3.8,1
51.8864,-178.1008,3.1,1
-29.1658,-177.85,4.5,0
-34.0248,-72.4062,4.2,0
-0.1716,124.2793,4.6,0
51.0243,-179.3787,3.8,1
0.7465,126.3079,4.2,2
26.9382,126.4808,4.4,0
32.7506667,-115.8283333,3.53,1
13.3056,49.625,5.2,0
-19.54,168.0909,4.7,0
-33.3629,-71.7168,4.0,2
-56.5793,-25.26,4.4,0
19.6285,-65.7816666666667,3.41,2
-14.8644,-74.4077,4.2,2
26.7969,92.5824,4.4,0
-59.755,-26.1161,4.3,2
19.1711,-64.6748,3.54,1
44.5081,83.268,4.3,0
26.8176,88.7828,3.9,1
38.1128,38.5365,3.9,1
-56.9965,-24.693,4.4,2
-23.705,-175.6093,4.6,0
16.4821,-98.3882,4.1,2
-28.4706,-176.6545,4.8,0
29.6755,141.4063,4.6,2
-37.2583,-17.3095,5.0,0
-20.8452,-173.9021,4.8,0
-57.9403,-25.5113,4.6,2
-17.9499,-172.8797,4.6,0
-12.0491,-75.0118,4.3,0
54.4701,-156.0166,3.4,1
34.5088,29.0285,4.1,2
44.4855,-115.2292,3.4,1
-21.3996,-174.2135,5.4,0
19.9655,-75.44,3.5,1
-58.0029,-23.9519,4.7,0
-61.6538,-55.2634,4.3,0
-3.2314,139.8157,4.5,2
36.4635,140.6221,4.6,2
53.6763,-163.9531,5.1,2
-57.4361,-25.0716,4.6,2
18.8211,146.9402,5.9,0
19.1051,-66.4223,3.19,1
8.6521,-39.6254,4.4,0
-37.6848,179.7415,5.3,0
41.8821,142.5919,4.3,2
38.0274,37.7493,4.1,0
19.1555,-64.8385,3.61,1
-30.3814,-71.666,4.1,2
50.2153,-176.3029,3.1,1
32.4909,141.9231,4.4,0
1.957,126.519,4.3,2
43.4912,-126.6641,3.3,1
3.6148,126.6878,4.5,2
35.907,77.7506,4.9,0
-14.9553,166.9806,5.2,2
-53.2211,23.5486,4.6,0
-58.8498,158.836,4.5,0
-33.2128,-71.8907,4.1,0
46.306,152.4693,4.2,0
37.6393,141.9524,4.5,2
-28.6254,-176.6732,4.4,0
4.4846,128.0956,4.3,2
36.063,21.7265,4.4,0
11.1231,-74.0526,4.3,2
-23.3379,-174.8566,4.5,0
40.3136667,-124.5783333,3.9,1
18.8866666666667,-64.4488333333333,3.13,1
-14.0958,-169.5107,3.1,1
19.2225,-65.1496,3.72,1
17.9661,-66.8488,3.25,1
-6.892,107.8236,4.2,0
17.9651,-66.8296,3.03,1
17.9078333333333,-66.9565,3.01,1
33.185,-115.5908333,3.07,1
18.8478,147.0245,4.5,0
0.7486,126.1773,4.5,0
-15.6174,-71.9422,4.3,0
-28.4805,-178.3428,4.7,0
50.8165,-170.1827,3.4,1
54.8767,-158.4622,3.5,1
-14.9438,-75.5583,5.1,0
-29.8448,-177.6565,4.8,2
-6.6984,149.8414,4.2,0
-15.9546,166.5896,4.8,0
16.1852,-98.4662,4.2,0
37.73,141.7029,4.2,2
61.5116,-140.6855,3.3,1
20.7424,120.1008,4.5,0
53.3835,-164.1514,4.3,2
18.6801,-64.2393,3.63,1
54.9594,-160.1167,3.2,1
35.4993,-3.6941,4.3,0
-4.8686,133.8035,4.8,0
-60.6099,-25.9874,5.4,0
-28.72,-176.7538,4.5,0
-59.8448,-26.6301,4.9,2
18.9686,121.0744,4.3,0
-29.0194,-177.047,4.8,0
35.12383333,-95.484,3.16,1
53.7494,-164.1906,3.1,1
64.6655,-17.8621,4.4,0
30.1078,57.5995,4.1,0
55.5433,162.0649,4.5,2
-22.5322,171.4754,5.6,0
19.2901,-67.1886,3.52,1
-58.0257,-25.3451,4.0,2
-18.7866,-173.3134,4.3,0
-37.6862,178.2907,4.1,2
-36.9476,179.5759,4.9,0
19.3328333333333,-155.130833333333,3.18,1
4.3306,96.5955,4.3,0
31.59719319,-104.0066693,3.1,1
38.0258,141.3548,4.4,2
53.863,-35.2512,5.4,0
32.3313,-40.16,4.8,0
27.4192,62.7334,4.3,0
42.3068,-126.2266,4.7,0
19.234,-67.0083,3.67,1
42.3639,80.2851,4.4,0
-22.8003,171.5003,4.9,0
0.8504,126.0913,5.0,0
52.1124,177.3914,3.1,1
-24.3036,-175.0484,4.9,0
1.1719,30.3849,4.6,0
38.5181667,-119.5288333,3.04,1
-23.2818,171.6236,5.3,0
-4.433,134.733,4.3,0
54.2791,-35.0126,4.5,0
24.0532,-108.6576,5.4,0
-8.2323,128.0769,4.6,0
37.8196,141.9374,4.2,2
38.2171,38.263,4.5,0
-27.8482,-176.4447,4.4,0
36.292,-97.52033333,3.36,1
55.6401,-155.2778,3.6,1
11.6466,43.9274,4.8,0
25.8623,128.4781,4.5,0
52.1026,-171.2098,4.5,2
-30.9772,-71.7885,4.2,2
17.9445,-66.9668,3.21,1
17.1025,-100.0689,4.1,2
-20.7028,-175.3846,4.6,0
42.0094,-29.3742,4.6,0
33.2108,141.7787,4.5,0
12.7078,47.9368,4.6,0
-30.1262,-177.6833,4.6,0
29.7143,50.6416,4.7,0
39.239,26.0924,4.5,0
24.832,121.9865,4.3,0
27.8305,82.8074,4.4,0
15.2698,-45.5897,4.5,0
-11.7384,-75.1421,5.0,0
19.2353333333333,-155.3865,3.04,1
23.8691,122.5257,4.1,0
7.1978,127.2493,4.3,0
64.4016,-147.5173,3.1,1
54.0083,-35.2511,4.5,0
31.1659,142.3215,4.6,0
17.9515,-67.0976,3.15,1
30.1501,-113.7326,5.1,0
-8.1806,118.081,5.0,0
19.0966,-65.2151,3.41,1
52.5936,-166.4296,3.8,1
-3.8208,131.2673,4.3,0
44.0206,-129.7527,3.5,1
-8.9646,67.4017,4.6,0
-59.442,-25.7422,4.5,0
-6.0963,-81.4112,4.8,0
44.5259,-129.6976,4.2,0
52.413,-168.105,3.9,2
27.0043,143.8509,4.4,0
-11.0765,163.0439,5.0,2
51.5203,-177.6901,3.2,2
13.9926,-93.7508,4.0,1
-1.1049,10.068,4.5,0
-20.8099,-175.428,4.7,0
17.9296,-67.0945,3.31,1
18.9455,-66.2846,3.01,1
-6.6027,150.4633,4.5,0
51.868,-178.0052,3.2,1
51.3982,-176.0701,3.1,1
-7.0005,105.9354,4.6,0
0.931,126.627,4.5,0
19.0763,-67.7235,3.43,2
-12.1209,122.6035,4.2,0
-22.5974,170.5664,4.3,0
10.298,94.1393,4.1,0
-23.317,-174.7203,4.6,0
18.992,-66.0545,3.03,1
7.4528,136.0279,4.5,0
49.1135,158.3863,4.4,0
-5.9939,148.4629,5.1,2
18.8288333333333,-155.152666666667,3.29,1
0.2753,126.4149,4.6,2
45.4755,16.2341,4.6,0
-58.4943,-24.1294,4.5,0
-59.3444,-25.3094,4.7,0
0.293,96.6469,4.4,0
-17.5905,-172.7817,4.6,0
3.3141,127.4711,4.4,2
14.055,-89.8418,4.0,1
-23.2665,171.5322,5.3,0
21.0911,145.3186,4.5,2
-29.8825,-176.8935,4.7,0
53.9529,-157.3542,3.1,1
-2.7314,140.3585,4.1,2
23.2613,95.957,4.2,0
36.0148,21.3578,4.1,2
51.4977,-171.1328,3.8,1
18.2361,-67.7163,3.61,2
22.8638,95.9967,5.5,0
37.3713,141.4066,4.5,2
-21.3177,-174.1576,5.3,0
34.5478,45.6115,4.5,0
18.9096666666667,-66.0938333333333,3.3,1
-59.0098,-25.6301,5.4,2
-32.2715,-177.7798,4.5,0
64.4239,-148.0408,4.4,0
17.8983,-65.391,3.42,1
38.0916,38.5909,4.0,1
1.4713,127.8516,5.4,0
40.5781667,-124.14,4.1,0
-61.6966,-55.2943,5.4,0
-3.1303,118.6459,4.3,0
35.5685,140.2729,4.3,2
55.2223,-157.2179,4.0,2
-29.3615,-176.8152,5.0,0
30.7082,140.7098,4.2,0
42.1343,105.5542,4.5,0
53.9822,-35.1557,4.8,0
13.9535,119.345,4.4,0
-32.0901,-71.8999,4.1,2
-35.4098,-179.2352,4.3,0
9.3625,93.8685,5.0,0
31.0074,142.475,4.2,0
-5.6983,103.4108,4.5,2
47.7814,16.1948,3.9,0
-57.7794,-23.8247,5.2,0
19.0408,-65.2163,3.3,1
17.9776,-66.8563,3.05,1
-29.3816,-176.833,4.4,0
-23.2993,172.1156,4.6,0
51.8333,-173.1148,3.5,1
24.8446,142.3382,4.4,2
38.5461,40.4563,4.2,0
-57.2824,-26.8922,4.5,0
21.8043,121.2997,4.2,2
34.7103,36.3823,4.3,0
38.9022,26.0614,4.4,0
40.3208333,-124.7,3.6,1
19.1985,-155.414833333333,3.08,1
34.6292,14.297,4.0,1
5.6645,127.0145,4.2,2
-60.1328,-27.4799,4.4,0
26.8771,126.5993,4.1,0
12.8635,-90.2788,4.0,1
41.0007,142.2853,4.8,2
-23.7231,-175.9574,4.5,0
33.6179,81.9599,4.3,0
-55.1455,-28.8316,4.9,2
-32.5401,-179.1416,4.5,0
29.7727,-113.834,4.1,0
38.4746667,-119.5458333,3.38,1
-60.2963,-24.2165,4.4,0
-36.6896,178.739,4.4,0
-54.9779,146.4828,4.5,0
37.9513,37.4756,4.2,0
26.0883,96.4951,4.8,0
-37.2917,-179.9378,4.0,1
-6.6331,155.1676,4.3,2
-29.3437,-176.7472,4.6,0
36.8569,-104.9914,3.1,1
0.5355,126.1311,4.3,0
11.3588,144.1405,4.6,0
38.2398,24.233,4.0,1
8.0417,-38.1322,4.4,0
44.7798333,-110.8006667,3.13,1
53.8765,-35.5465,4.6,0
18.3487,-103.6243,5.8,0
54.9561,-156.9609,3.6,1
-15.7027,-72.2282,5.0,0
37.7661,141.6441,4.5,2
-35.8897,-103.1263,4.6,0
17.934,-66.8385,3.12,1
0.2067,96.7147,4.0,1
55.1365,-159.2203,3.7,1
53.2733,-160.02,3.2,1
-30.5516,-176.588,4.4,0
44.3488,-128.4906,4.1,0
38.1221,38.5573,4.4,0
-18.278,-173.7563,4.7,2
47.3957,6.7567,4.4,0
-57.2294,-25.5787,4.4,2
44.3168,-115.1936,3.2,1
-41.1824,-87.7679,4.9,0
48.3915,154.5211,4.5,2
-58.9149,-25.0424,4.7,0
51.7283,176.7317,3.1,1
19.3666666666667,-64.7966666666667,3.12,1
52.4687,-169.2522,3.6,1
1.9406,128.7303,4.5,2
-5.8666,101.7682,5.0,0
38.1779,-30.9535,4.6,0
-28.8287,-176.7872,4.4,0
-29.4506,-178.5753,4.3,0
2.9358,128.4842,4.4,2
-49.0746,124.7464,4.4,0
64.1038,-22.2281,4.4,0
4.6733,125.4956,4.3,0
18.8618333333333,-64.6486666666667,3.28,1
24.2348,121.8534,4.8,0
-0.9776,127.3981,4.3,0
28.1357,141.9042,4.0,2
18.9173333333333,-65.144,3.14,1
31.67398897,-104.3741717,3.2,1
-29.1878,-177.0332,5.2,0
51.3224,-174.1248,4.0,1
-52.4771,13.2037,4.2,0
-29.1844,-176.758,4.9,0
2.3561,127.4677,4.3,0
-33.0907,-178.7323,4.8,0
-4.89,130.3614,4.0,2
-36.6161,77.1478,4.3,0
53.7813,-35.4985,4.6,0
-37.6598,51.3141,4.8,0
19.0091666666667,-65.0946666666667,3.17,1
-59.2148,-25.1632,5.0,0
37.3338333,-117.9023333,4.75,0
2.9494,126.4984,6.1,2
53.1244,170.0898,4.4,0
-44.5957,-80.078,5.7,0
27.6686,55.9639,4.2,0
42.3125,145.0164,5.0,0
51.3765,-175.9264,3.1,1
17.9278,-66.9485,3.34,1
-59.4066,-25.8898,4.5,2
-30.1372,-177.1623,4.6,0
11.4317,-62.5258,4.5,2
52.4699,-163.6684,3.3,1
53.2024,-166.6712,3.4,1
35.7688333,-121.3038333,3.53,1
-28.4635,-177.6844,4.3,0
-8.2364,124.6286,3.4,1
18.6075,122.2648,4.2,0
-9.8056,160.2453,5.1,0
-2.0166,128.2083,4.7,0
11.5592,143.2862,4.6,0
36.4122,69.1128,4.7,2
-21.5478,169.2095,4.9,0
10.2138,56.9362,4.5,0
58.6578,-151.4814,3.2,1
18.4179,-73.2827,4.2,0
-31.2708,-178.5371,4.4,0
52.1883,-165.6507,3.1,1
31.6883,52.6357,4.1,0
-29.7041,-176.8048,4.9,0
18.8368,-67.3013,3.81,1
19.7256,-64.9526,3.52,2
-21.4668,34.9127,4.5,0
18.0005,-66.8843,3.21,1
49.4462,-28.4144,4.6,0
27.0796,53.9118,4.6,0
61.2328,-146.3733,3.8,1
56.3167,-156.5242,3.2,1
53.565,-35.349,4.3,0
-29.2542,-176.505,4.5,0
17.9443,-67.0966,4.46,0
44.002,148.2124,5.1,2
-16.162,178.2885,4.8,0
0.6269,94.659,4.0,1
43.3989,-127.2682,3.9,1
7.5793,122.7659,4.4,0
33.2033333,-115.652,3.79,1
55.0246,-157.5584,3.2,1
38.0189,36.5048,4.1,0
40.3655,-127.1541,3.3,1
17.9376666666667,-66.9565,3.41,1
-37.4837,-179.8372,4.5,0
24.8629,143.4746,4.6,0
10.2333,126.2524,5.3,2
-58.8796,-24.7601,4.8,0
-13.6619,-111.2689,4.7,0
-5.7497,102.9998,4.4,2
37.2583,-114.9948,3.2,1
37.995,36.5954,4.3,0
-7.3408,28.1712,4.5,0
27.161,-44.3165,5.3,0
-8.0478,130.3974,4.4,0
23.292,106.7131,4.6,0
3.1371,128.2735,4.4,2
-20.336,-11.9774,4.2,0
37.2371,-3.7155,4.3,0
30.3387,131.1199,4.4,2
-2.8492,126.9591,4.3,2
-14.0831,-169.4738,3.1,1
-9.9108,159.7342,4.7,0
-7.344,150.1212,4.9,0
3.2052,98.5528,4.6,0
17.7651,-105.8439,4.3,0
-60.1975,-27.6455,4.6,0
-7.7451,-13.469,4.7,0
18.5351,-73.719,4.8,0
36.1139,139.8576,4.4,2
-22.8902,170.7149,5.3,0
55.8706,-155.625,3.3,1
51.0875,-179.2281,3.7,1
38.8439,43.5181,4.0,1
30.1325,69.282,4.7,2
-29.514,-176.2046,4.7,0
41.5515,68.9325,4.2,0
-22.0821,-173.2175,4.7,0
6.206,127.4589,4.5,0
19.1306666666667,-155.9125,3.61,2
-28.5132,-177.631,4.2,0
-14.8973,166.7618,4.6,0
-4.6631,-105.6645,4.8,0
19.1313333333333,-65.2813333333333,3.25,1
31.9442,104.4437,4.3,0
52.0536,-170.9589,3.3,1
39.1914,-116.1556,3.3,1
14.9702,108.0414,4.3,0
54.6052,-156.7699,4.4,0
-17.5951,-69.7698,4.5,0
-60.5616,-24.5276,4.5,0
33.1459,141.5054,4.5,0
2.5639,127.2297,4.6,2
72.2861,125.2962,4.1,0
-22.6123,171.2027,5.2,0
40.188,-123.5988333,4.03,2
-29.6572,-177.0202,4.9,0
53.2318,-160.7337,4.2,0
-16.8353,-70.5903,4.5,0
-15.8526,-72.2937,4.5,0
19.1471666666667,-155.369,3.59,1
8.897,93.7742,4.3,0
-5.6417,130.8544,5.2,2
-27.7569,-176.3267,5.6,0
19.1965,-64.3491,3.34,1
-9.8523,159.6173,4.8,0
-39.4347,46.2329,4.4,0
-30.7252,-177.8204,4.5,0
-59.4588,-25.9888,5.0,2
33.0358,90.2706,4.1,0
14.1119,-92.0912,4.0,2
4.9554,126.3799,4.4,0
-18.0095,172.857,4.5,0
19.1508,-66.0995,3.28,1
19.175,-155.4875,3.37,1
30.0294,131.0606,4.6,2
-59.2004,-25.0332,4.5,2
-0.9707,-80.3711,4.1,2
18.8973,-64.5553,3.49,1
-29.6339,-176.8001,4.6,0
-38.2903,-93.9108,4.7,0
-10.1173,160.5873,4.9,2
10.4384,-86.1285,4.2,0
19.2491,-64.9863,3.56,2
33.3483,139.3133,4.6,0
19.4173333333333,-155.279666666667,3.26,1
35.0232,25.1049,4.4,0
-29.4846,-177.1064,5.2,0
-3.5828,149.7321,4.3,0
13.6899,-91.3627,4.9,2
-6.7276,150.716,4.6,0
44.1812,-129.7348,4.0,1
-31.1536,-176.7143,4.5,0
53.834,-35.2473,4.4,0
11.8296,120.5697,4.6,0
15.8426,-96.6037,4.8,0
17.451,-62.7022,3.3,1
14.3345,123.0011,4.5,0
2.1292,67.3686,4.4,0
18.7796,-67.4775,3.37,1
32.4789,78.7499,4.6,0
32.0391667,-116.1906667,3.36,1
31.67243422,-104.4016123,3.7,1
-16.8326,175.9188,4.9,0
-58.3678,-139.9059,5.1,0
4.4649,127.3974,4.8,2
21.0322,144.6107,4.3,0
23.4217,121.4947,4.2,0
2.5622,-79.849,4.6,0
-10.4528,119.4553,4.3,0
-59.8803,149.3198,4.9,0
26.8743,126.536,4.7,0
26.3749,92.9259,4.2,0
26.0064,126.2623,4.1,0
41.1904,34.3678,4.1,0
-3.3306,28.3115,4.6,0
48.7634,-129.0865,4.5,0
33.5483,84.6179,4.6,0
-48.931,121.4997,4.5,0
12.1524,143.2865,4.1,2
-37.5013,-179.8129,4.7,0
-15.1373,-173.6218,4.6,0
38.5153,44.8139,4.2,0
41.5698,141.8998,4.6,2
2.4234,128.5183,4.7,2
19.2471,-64.7765,3.94,1
32.5642,141.7934,4.6,0
31.6279,-64.2455,4.3,0
-58.4209,-23.0731,4.4,0
-57.0113,-25.4868,5.0,2
24.5221,102.2184,4.1,0
-6.0982,123.1884,4.2,0
33.4715,-116.5325,3.03,1
53.7408,-35.1904,4.6,0
-4.2422,152.9254,4.9,0
-37.1115,179.9694,4.7,0
51.5251,-175.7286,3.8,2
-60.2183,-24.8702,5.4,0
-62.3972,-58.4785,4.6,0
51.5476,-174.6511,3.3,1
-3.4199,101.4466,4.5,2
-5.3673,153.0291,5.1,0
-2.6656,128.985,4.6,0
35.5548333,-118.402,3.53,1
19.3246666666667,-155.201666666667,3.49,1
-18.6219,65.3932,4.3,0
-6.0211,147.8143,4.1,0
-64.9284,177.4034,4.6,0
-27.0054,-176.3651,4.8,0
50.6303,-174.9067,4.3,0
30.0021,129.912,4.8,0
18.5746666666667,-67.3855,3.14,1
43.2438,47.9292,4.3,0
18.0031,-67.0566,3.17,1
-1.7165,134.3755,4.0,1
-25.3599,-175.334,4.5,0
6.0067,126.5976,4.7,2
55.1459,165.4093,4.3,0
-23.1667,171.7118,4.9,0
19.3631666666667,-155.211166666667,3.06,1
51.6266,178.6652,3.6,2
-29.608,-176.2191,4.8,0
-37.3502,-179.9103,4.6,0
14.1786,119.4047,4.4,0
-20.8225,-175.4951,4.6,0
-23.3749,171.2033,4.9,0
57.3807,-33.2251,4.1,0
56.2849,-156.5569,4.1,2
56.4981,-148.6894,4.0,1
-34.5408,-179.5149,4.1,0
-29.4908,74.5841,4.3,0
18.932,-66.8633,3.47,1
44.7567,-129.4386,4.0,1
-59.2795,-26.0234,4.5,2
-26.7875,-176.4386,5.0,2
20.241,144.877,3.9,1
23.9032,122.6358,4.2,0
-14.7016,-76.3695,4.3,0
65.2751,-173.4235,3.4,1
13.2923,51.2407,4.6,0
17.8935,-65.6743,3.12,1
-45.5427,166.8444,4.4,0
-23.1831,171.7003,5.4,0
-29.6096,-177.1102,5.0,0
37.4051,20.3878,4.5,0
81.1077,120.1834,4.0,1
-61.7795,-55.2289,4.7,0
39.1868,40.1667,5.4,0
-59.1913,-23.7333,5.6,0
53.8062,143.6303,4.3,0
-57.0593,-24.8416,4.5,0
51.4668,-175.9366,3.3,1
-4.0451,133.2095,4.3,0
36.4387,27.1385,4.0,1
-59.8084,-25.7287,4.3,0
51.6554,-174.1639,3.8,1
-55.5629,-129.264,5.2,0
-10.5573,161.2133,4.3,2
37.8896,37.6276,4.2,0
14.3122,122.9606,4.5,0
34.3007,58.1958,4.7,0
38.7404,43.401,4.0,1
-30.0897,-177.3926,4.5,0
36.2975,36.2085,4.6,0
-5.2579,101.811,4.5,0
19.2855,-64.7065,3.57,1
51.1805,100.311,5.0,0
51.2484,-177.6285,3.2,1
34.5687,26.3018,4.7,2
18.9073,-64.6588,3.21,1
-57.1353,-24.2266,4.3,0
22.8585,95.9211,4.9,0
73.5242,8.015,4.3,0
66.0471,-143.5496,3.4,1
3.6391,-74.0114,4.4,0
19.2946,-67.212,3.47,1
24.7034,122.2968,4.4,0
-25.3596,70.0734,4.6,0
-28.3289,-175.9829,4.1,0
19.5028333333333,-67.2463333333333,3.42,1
-60.1165,-26.4862,4.4,0
24.8718,122.691,4.4,0
14.1288,119.2681,4.2,0
17.8043,-66.9966,3.02,1
41.0178,78.0834,4.7,0
14.0764,-91.7408,4.6,2
85.9667,27.2592,4.1,0
19.1333,-66.0043,3.24,1
17.9678,-67.1093,3.08,1
19.5621666666667,-156.893833333333,3.39,1
-24.039,-70.2023,4.2,2
-59.6922,-26.2204,4.6,2
18.9173,-66.298,3.4,1
20.2337,121.9361,4.3,0
17.8631,-66.8935,3.29,1
14.743,108.294,4.2,0
-7.3507,105.9509,4.0,2
-29.4024,-71.9359,4.4,0
0.4385,21.5124,4.6,0
0.5443,92.2519,4.4,0
38.2622,73.1776,4.6,0
52.3979,-168.1901,4.1,2
16.5489,-76.277,4.2,0
12.6782,-89.8754,4.3,2
-15.191,166.9059,4.4,2
53.1996,160.1056,4.0,2
31.1283,129.1919,4.2,0
33.3516,141.9407,4.4,0
-5.7125,151.8582,4.6,0
61.2525,-149.3236,3.4,1
-0.1957,-80.6884,4.8,0
51.4497,-175.2761,3.2,1
14.2005,-92.9507,4.6,0
29.6582,142.203,4.4,0
6.5556,126.9838,5.1,2
32.0458333,-117.4516667,3.6,1
18.9551,-67.1046,3.3,1
54.3866,170.5274,4.3,0
2.8239,127.0179,5.1,2
19.0413,-67.1031,3.69,1
50.9283,-179.9002,3.2,1
42.8481,146.1331,4.2,2
-32.3907,-67.0901,4.5,0
17.9062,147.0458,5.0,2
-39.9634,176.6484,4.9,0
-29.6259,-176.7611,4.7,0
68.6018,-148.5029,3.2,1
17.9388,-66.959,3.1,1
52.1839,173.6389,4.5,2
2.5779,126.7162,4.2,2
14.1052,119.3867,4.6,0
10.2384,94.0024,4.5,0
37.8919,143.4936,4.2,0
-48.0889,99.0045,4.9,0
26.715,54.2223,4.0,1
19.5276,-68.3773,3.68,2
-5.5852,149.9691,4.6,0
53.7016,-163.3285,4.1,2
1.3294,127.7676,4.4,2
38.1156,36.6841,4.5,0
19.1468,-64.7078,3.67,1
37.4306667,-118.4983333,3.19,1
-10.598,-75.353,4.6,0
-29.6851,-177.2808,4.8,0
-37.413,179.7985,4.0,1
23.4414,96.1089,5.0,0
12.7677,-88.6304,4.5,2
0.4538,120.3581,4.2,2
31.5335,-115.7333333,3.16,1
-55.9138,-26.9463,5.0,0
-23.457,170.7312,4.6,0
41.1617,43.9674,4.0,1
73.3919,7.0716,4.2,0
2.3449,128.7933,4.6,2
37.9248,37.3761,4.7,0
36.1816,36.0375,4.0,1
30.5608,141.7793,4.4,0
-37.0308,179.9639,4.6,0
28.4244,142.7536,4.9,0
-11.8748,-73.4439,4.8,2
-56.1952,-143.5924,5.0,0
33.5055,132.5646,4.9,2
17.9438,-67.108,3.29,1
63.2224,154.1536,4.4,0
51.6177,-175.0555,3.6,1
-23.2457,171.5129,5.1,0
37.2659,37.0676,4.4,0
18.7273,-64.962,3.53,2
-8.2528,117.4474,4.3,0
-58.7747,-25.4486,5.1,2
-58.2199,-25.2818,4.7,2
34.9192,72.1372,4.2,2
51.9651,178.2214,3.1,1
-31.3286,-177.6752,4.6,0
48.1713,154.6661,4.3,2
12.3377,-88.3443,4.3,2
-37.8854,179.8927,4.5,0
54.7382,-156.8982,3.3,1
36.3481,27.089,4.2,0
55.4498,-157.5893,4.5,0
-22.1015,170.1577,4.5,0
41.9041,142.5658,4.0,2
-15.7462,-172.4756,4.7,0
3.115,127.0491,4.5,2
9.4892,-40.4804,4.6,0
-17.3267,65.5498,4.5,0
39.7436,141.937,4.2,2
50.6917,-173.3448,4.3,0
56.3557,-156.5665,3.2,1
19.3091,-67.2595,3.35,1
-23.8082,-175.519,4.5,0
14.4136,-93.1353,5.2,0
51.2863,-179.1427,5.1,2
44.0813,-129.3424,3.6,1
11.8913,-72.6685,4.3,2
56.4462,-148.5621,3.5,1
-17.4723,167.8625,6.0,0
59.5453,-152.0856,3.5,2
12.5303,-88.8243,4.4,2
13.961,120.6694,4.5,0
-25.31,69.6712,4.6,0
33.0663,135.8148,4.3,0
16.0191,-97.4782,4.0,1
64.14,-162.3566,3.7,1
71.6849,-1.7545,4.3,0
-14.2401,-76.2461,4.9,2
54.1491,-35.0057,4.3,0
16.8971,145.4211,4.3,0
-28.1231,-176.2229,4.8,0
45.1323,150.7422,4.9,2
28.58093262,-98.70013787,3.3,1
26.5945,92.4813,4.2,2
18.0341,-68.0901,3.71,2
51.416,177.7216,3.8,2
-23.4546,-175.0521,4.6,0
-28.6605,-176.5467,5.2,0
-2.9509,-80.3428,4.4,2
40.1069,24.3926,4.0,1
-5.3475,104.7493,4.6,2
-37.3856,-179.97,4.6,0
-55.3962,-29.12,4.3,2
19.137,-155.409166666667,3.13,1
36.1531,36.3488,4.4,0
9.7874,138.108,4.5,0
24.5613,97.108,4.3,0
-30.3343,-178.0382,4.6,2
37.5855,-118.732,3.38,1
68.0077,-144.3107,3.6,1
12.3347,-87.679,4.3,2
28.3413,67.2682,4.3,0
16.0955,-95.5745,4.1,2
54.5093,-159.7652,3.2,1
53.3723,-165.905,3.5,1
-59.3996,-25.6268,4.5,2
8.3468,94.2512,4.5,0
26.6164,54.259,4.0,1
60.9622,-149.0988,3.1,1
56.0739,-149.322,3.1,1
-59.6344,-26.3481,6.0,0
-22.9293,172.3741,4.8,0
-59.9254,-26.7534,5.6,0
-28.0506,-177.8398,4.5,0
18.7536666666667,-67.1246666666667,3.19,1
39.3386,142.5974,4.9,2
38.1632,-117.8802,3.4,1
2.7909,127.0919,4.5,2
-52.3128,15.771,4.2,0
36.7374,105.4025,4.3,0
-29.5783,-176.8923,5.8,0
32.3926,101.9324,4.3,0
-3.342,151.0172,4.5,0
10.1876,126.9028,5.2,0
19.2821,-67.033,3.81,1
-28.5736,-177.7977,4.4,0
24.8697,122.4403,4.3,0
1.9332,126.7813,4.1,2
57.1861,-156.6752,3.3,1
42.2668,-126.339,3.6,1
52.2179,-171.1272,3.1,1
-14.9239,-173.615,4.3,0
-29.6787,-176.97,4.8,0
-58.3777,-23.5866,4.3,0
-31.7062,-72.0418,4.4,0
26.7762,126.4723,4.9,0
55.272,160.4132,4.5,0
-23.6241,-175.9596,4.4,0
-1.3508,-15.9254,5.2,0
-23.244,171.2247,4.3,0
12.8244,-90.1479,4.6,0
-19.0466,-71.0023,4.0,2
51.4998,-175.2669,3.2,1
78.8584,124.9812,4.3,0
38.1816,23.4641,4.4,0
-22.5225,170.3706,4.3,0
51.1129,159.6825,4.3,0
55.2416,-156.2106,3.5,1
-23.2459,171.7149,4.9,0
51.5436,-177.5885,3.9,2
7.9497,126.2274,4.6,2
32.2883,142.4999,4.5,0
-28.3505,-71.519,4.3,2
44.2863,-129.3362,3.3,1
-15.2721,-173.8123,4.5,2
27.2308,142.9475,4.3,0
18.9888,-65.0338,3.06,1
51.7063,160.1017,4.7,0
56.1696,-155.6789,3.2,1
53.5912,-35.238,4.6,0
-9.924,159.7629,4.5,0
-15.6703,-71.8843,5.5,0
38.1706,-117.9699,3.6,1
36.3005,141.3865,4.0,2
-29.9298,-177.9885,4.8,0
-29.7765,-176.6304,4.3,0
-22.4086,-174.4165,4.3,0
-30.7677,117.3665,4.1,0
37.7181,20.3777,4.5,0
44.2909,-115.1695,3.3,1
-29.609,-176.9303,4.6,0
15.9409,-96.9191,4.2,2
-20.1739,-70.4716,4.1,0
62.6763,-149.6977,3.4,1
-16.7312,-173.6202,5.3,0
18.8419,-74.2466,4.1,0
19.0251666666667,-65.0511666666667,3.17,1
-4.4729,144.8345,6.2,0
43.5846,-110.4123,3.6,1
-52.2233,15.7031,4.9,0
21.3196,146.1159,4.6,0
41.9076,83.6657,4.4,0
-2.3568,103.7389,4.4,0
19.3557,-99.1234,3.2,1
-62.3024,-58.4103,4.6,0
-22.4674,170.0841,4.5,0
-30.2171,-176.7699,4.5,0
5.4695,126.5002,4.5,2
-58.8373,-23.4861,4.4,0
51.5169,-176.7128,3.1,1
11.5338,142.0621,4.5,0
-55.1177,-128.8127,5.1,0
-44.4109,167.947,4.3,0
64.6715,-152.4726,3.5,1
-20.5241,-175.5531,4.6,0
-20.8444,173.5713,4.6,0
36.2965,-120.5926667,3.79,1
-57.5193,-25.2096,4.5,2
-6.0541,151.7608,4.4,2
65.8546,-173.2362,3.1,1
55.3905,-157.2572,3.2,1
50.3167,178.9679,4.1,0
-59.6644,-26.394,5.2,2
51.8888,-175.4668,3.3,1
5.4352,126.4183,4.6,2
-42.8314,-74.2397,4.4,0
19.005,-64.3865,3.43,1
-14.1193,-169.4464,3.5,1
37.7216,141.9224,4.6,2
21.3257,145.8136,4.8,2
35.5062,89.4991,4.5,2
56.1899,-149.9236,3.3,1
23.7011,-86.6441,4.4,0
-32.0811,-71.9028,4.6,0
53.1659,-166.7376,3.1,1
23.182,120.5965,4.2,0
31.60694173,-103.9776678,3.4,1
22.1748,121.6187,4.6,0
63.2452,-151.4787,3.4,1
-35.0701,-111.6844,5.1,0
18.1688333333333,-65.7711666666667,3.23,1
57.1329,-156.1095,3.1,1
29.2958,103.8585,4.0,1
18.8763333333333,-64.4498333333333,3.14,1
37.4062,35.1184,4.2,0
40.472,-125.8655,3.18,1
50.0891,157.4709,5.6,2
41.1598,44.01,5.3,0
27.3244,97.0318,4.6,0
29.3592,142.1808,5.4,0
19.4613,-68.0975,3.62,1
-7.8357,118.4606,4.8,0
12.4864,-66.2603,4.2,0
-10.9623,164.5425,4.8,0
-14.6065,-173.3041,5.8,0
10.1759,126.3021,5.0,2
22.8572,121.3843,4.6,0
-30.9747,-179.0911,4.9,0
-6.5808,104.0229,4.5,2
26.8825,126.4846,4.8,0
2.8351,95.4664,4.9,0
54.9797,-156.3043,3.9,1
8.7263,93.9675,4.3,0
-2.1655,125.9012,4.4,0
-7.7673,-13.594,5.2,0
-57.8025,-25.4335,4.7,2
46.096,152.7709,4.5,0
-31.0201,-179.0525,5.3,0
44.5988,-129.662,4.1,0
-3.0881,149.1639,4.3,0
27.425,103.6904,4.6,0
65.6242,-145.0034,3.1,1
-27.2894,-177.2958,4.6,0
26.9235,130.1982,4.5,0
-28.659,-177.3532,6.0,2
10.7847,95.0957,4.3,0
21.1746,121.112,4.8,0
-0.4302,98.0127,4.5,0
44.6246,-116.0793,3.7,1
51.2868,-174.2093,3.1,1
-15.8182,-74.5489,4.0,2
-7.7509,158.1843,5.0,2
38.0265,37.5093,4.1,0
49.4005,155.8201,4.8,2
-14.0728,-169.4603,3.1,1
-62.3337,-58.248,4.9,0
31.1064,142.3123,5.0,0
18.8588,-64.3971,3.67,1
-5.6585,153.1229,4.9,0
38.5498333,-119.4411667,3.54,1
-57.7256,-25.8969,4.6,2
17.3761,-92.3789,4.0,1
-59.8068,-25.7619,4.8,2
18.8645,-155.235833333333,4.02,0
54.0571,-163.5815,3.4,1
-10.9099,110.5576,4.4,2
-24.5653,-13.3961,5.0,0
19.0403333333333,-65.722,3.1,1
50.1843,-179.9093,4.7,0
-0.5292,-77.5742,4.2,0
-28.7627,-176.4218,4.8,0
12.3368,143.9172,4.0,2
50.9446,-179.2536,5.6,0
-0.9857,127.2648,4.5,0
14.3722,-93.9048,4.0,1
19.0633333333333,-65.4875,3.07,1
51.2406,178.6858,4.1,2
-29.5112,-176.1071,4.5,0
-22.8364,170.8458,5.9,0
14.6731,-93.8332,4.4,2
37.7736,141.6683,4.3,2
-20.878,-175.3421,4.5,0
-5.2129,152.6377,4.9,2
7.2421,127.1533,4.9,0
17.944,-67.0118,3.22,1
17.9153,-66.8736,3.66,1
12.3467,-87.5495,4.3,2
-37.4171,-179.4446,4.3,0
54.4684,-159.8452,3.2,1
38.9683,26.0399,4.9,0
12.0003,144.1575,4.6,0
-58.7214,-25.3247,4.6,2
61.4849,-149.4493,3.8,2
71.3779,-4.472,5.2,0
-19.3607,-70.5314,4.1,2
-16.1533,-173.2736,4.8,0
-5.2725,101.0844,4.3,0
37.9287,38.3323,4.4,0
26.7895,126.4689,4.3,0
-8.0921,120.8146,4.6,0
19.1046666666667,-67.7758333333333,3.39,1
26.0736,95.1588,4.2,2
3.9157,-71.3594,5.0,0
-3.9966,141.4819,4.6,2
6.0257,127.0392,4.5,2
18.4778,-103.8147,5.3,0
35.8995,-120.441,3.29,1
37.4657,142.8409,4.0,1
1.7652,-100.9268,4.5,0
-30.3073,-67.3022,4.0,1
-33.9762,-72.3553,4.2,0
-57.4224,-25.7723,4.7,2
5.4966,-82.5844,6.0,0
-8.3629,117.224,4.4,0
-27.5158,-70.9007,4.5,2
-23.3175,171.1683,4.6,0
18.9823333333333,-65.1083333333333,3.16,1
3.342,126.844,4.4,2
15.852,-88.4046,5.1,0
17.9176666666667,-65.8886666666667,3.07,1
27.9817,129.9807,4.5,0
-28.7393,-176.8051,4.4,0
27.3459,52.4711,4.4,0
23.4406,126.2107,4.1,0
28.4369,-105.2195,3.8,1
18.7943,-65.2148,3.35,1
-16.3897,-72.9886,4.5,2
29.8199,50.3922,4.3,0
29.7339,142.3519,4.2,0
11.8732,143.3401,4.7,0
52.2016,-169.8676,3.5,1
29.3809,130.3405,4.4,2
-23.6714,-175.72,4.5,2
15.1789,122.3229,4.5,0
-37.1562,179.6216,5.1,0
18.8288333333333,-65.4815,3.21,1
10.3479,94.0109,4.5,0
52.902,-168.2111,3.3,1
-62.4006,-58.336,5.6,0
-22.7772,170.183,4.4,0
19.2165,-64.5903,3.97,1
-56.3983,-25.0578,4.8,0
39.0217,26.0784,5.2,0
19.2301666666667,-155.4225,3.05,1
-55.8105,-28.7151,5.2,2
51.4381,-174.3333,3.2,1
-15.6807,-172.8948,4.3,0
-29.4173,-176.2859,4.7,0
-55.9152,-26.2428,5.4,0
51.9599,-171.0807,3.5,1
6.9518,-76.0316,4.6,0
35.9373,-8.5367,4.1,2
41.2752,19.4821,4.3,0
12.59,48.0763,4.1,0
26.6795,54.2001,4.4,0
-4.2686,133.0545,4.8,0
0.2931,126.443,4.5,0
-2.8998,147.6311,4.6,0
-58.4216,-24.8554,4.4,0
37.7273,20.8862,4.6,2
51.28,178.4485,3.7,1
-31.8715,-68.8527,4.9,0
36.2661,27.081,4.4,0
29.7049,51.1282,5.4,0
-23.4768,171.4234,4.1,0
-57.4799,-24.6512,4.0,1
-8.3096,-79.6953,4.7,2
-18.2909,-70.755,4.0,2
14.0244,-60.2489,4.4,2
14.0822,119.2256,4.2,0
-20.6887,-175.6341,4.5,0
-5.9231,103.7173,4.8,2
29.208,130.6175,5.1,0
2.4228,97.6487,4.1,2
-7.448,104.9669,4.6,0
-55.2753,-27.1707,4.3,0
51.3936,178.7952,3.3,1
-6.3379,148.8784,4.5,2
40.8681,72.8564,4.2,0
38.7988333,-122.8116667,3.34,1
32.4936,141.136,4.4,2
11.4477,125.7847,4.4,2
32.6047,141.7094,4.1,0
2.6671,126.8865,4.3,2
-1.9926,139.6131,4.7,0
23.9862,127.1114,4.9,0
73.8969,8.6044,4.4,0
-52.9457,10.3461,4.7,0
-9.9827,109.4939,4.3,0
38.5198333,-119.5393333,3.26,1
54.5255,-160.1749,4.1,2
-6.6964,147.3821,4.2,0
-60.3267,-24.326,4.5,0
-10.4538,124.0128,5.0,0
56.5536,-148.6289,3.1,1
-30.4588,-177.8049,5.6,0
-7.1215,130.2768,4.4,2
51.1836,-176.7753,3.5,1
51.5359,-174.6871,3.5,1
67.3812,-156.648,3.4,1
8.3812,137.7523,4.5,0
55.2915,-155.0474,3.8,1
51.9245,177.67,3.4,1
44.2807,149.2866,4.6,2
38.824,38.031,5.0,0
-15.2232,-172.876,4.8,0
28.9216,142.599,5.0,0
-37.6043,51.5057,4.4,0
16.8039,147.2383,4.7,2
69.167,-144.5966,3.2,1
9.4778,-85.9875,4.4,0
-21.1465,-173.7981,4.6,0
-21.3604,169.7232,4.9,2
11.7072,144.5871,4.6,0
-29.0051,-176.8682,5.4,0
-58.5812,-25.0079,4.5,2
-57.833,-24.797,4.6,2
67.4846,-142.4455,3.1,1
-40.7891,-86.5664,4.6,0
46.3679,-107.7505,3.6,1
55.0623,-157.3917,3.2,1
37.7902,69.4042,4.2,0
-58.7104,-25.2878,4.4,2
19.6658,-65.3156,3.56,1
41.3469,82.5527,4.3,0
24.8473,143.2994,4.7,0
19.1408,-64.7235,3.39,1
-19.2383,-176.3956,5.8,0
6.5096,127.2531,4.4,0
13.9849,-89.7953,4.2,0
-35.3186,-179.363,4.1,0
18.8358333333333,-155.528833333333,3.05,1
-27.8682,-178.0024,4.6,0
-59.1706,-24.0737,4.4,0
18.245,-64.2801,3.43,1
-29.8819,-176.6719,5.5,0
-17.4607,-69.8832,4.2,0
54.4261,-162.2744,3.6,1
27.2393,57.8142,4.4,0
3.0821,127.016,5.0,2
-45.715,166.6116,4.4,0
40.3235,-124.4255,5.12,0
38.567,-119.4621667,3.28,1
-10.8687,114.9916,4.6,0
-15.0184,-172.6803,4.8,0
-6.5982,155.25,4.3,2
14.3888,56.3258,5.5,0
8.8411,-77.0924,5.0,0
54.5739,162.7327,4.3,0
19.9357,121.2773,4.4,2
-38.3525,78.2722,4.5,0
43.8295,21.3008,4.2,0
-35.3503,-15.3006,4.6,0
19.5386,-63.4566,4.08,2
35.2141,22.7255,4.8,2
25.8208,100.0915,4.3,0
-31.2139,-177.7274,4.7,0
53.1404,-166.5847,3.8,1
12.2716,-87.8085,4.3,2
4.8246,-82.7426,4.4,0
17.992,-66.9745,3.5,1
-27.2256,-177.132,4.5,0
-23.0215,-70.6036,4.5,2
-13.3849,166.86,5.0,2
7.6244,91.7592,5.1,0
4.5128,-87.4089,4.6,0
-38.8963,134.6539,4.5,0
56.5188,117.3338,4.1,0
56.0194,-149.1295,3.9,1
14.5463,-92.7218,4.7,2
21.144,99.9004,4.9,0
0.7548,125.7153,4.3,2
19.1421,-68.0153,3.65,2
-33.3964,-71.8547,4.6,2
54.5574,-157.3356,3.3,1
-5.1158,133.9924,4.7,0
-10.9823,162.2775,4.7,2
12.5875,48.0291,4.9,0
17.9078,-66.86,3.33,1
-59.8319,-28.9821,5.0,0
37.0302,36.6208,5.1,0
14.3807,123.0941,4.5,0
19.8775,120.5851,4.3,0
38.9772,26.0791,4.8,0
-29.4201,-176.7295,4.4,0
-57.3929,-23.888,4.5,0
40.538,63.322,4.9,0
-23.1418,171.5096,5.1,0
-30.0096,-177.2402,4.6,0
22.1684,143.775,4.3,0
-0.1518,88.7185,5.9,0
12.0943,143.7982,4.9,0
-37.553,-73.7598,5.7,0
-34.9913,-179.8089,4.3,2
55.3175,162.1838,4.9,2
-9.6608,115.1234,5.0,2
51.6137,-131.4027,5.1,0
-23.0784,172.6015,4.5,0
-37.2762,179.7482,4.5,0
54.6779,-158.0119,3.6,1
-27.4117,-176.3303,4.2,0
-58.7327,-23.0732,4.4,0
41.1177,72.9532,4.3,0
20.0391,-61.082,6.6,0
-16.8793,167.3736,4.4,0
31.522,-115.6781667,3.07,1
-14.893,166.9404,4.5,2
23.8402,121.5401,4.4,0
-56.2754,-25.7596,4.8,0
37.1554,37.0022,4.4,0
-58.7918,-25.1966,4.8,0
-23.3562,171.4313,5.0,0
79.6442,3.8311,4.4,0
-23.0184,171.5802,4.4,0
18.4305,146.3287,4.5,2
-5.403,151.8359,4.8,2
-56.3542,-45.3729,5.2,0
-3.1887,130.7702,4.4,0
-18.4702,-71.3185,4.2,2
-28.7123,-176.708,4.5,0
11.2024,125.2628,4.3,0
-56.6838,-25.4724,5.0,2
51.7102,-175.2908,4.2,2
50.2612,-177.913,3.4,1
-2.6582,139.2735,4.1,2
23.2472,142.9083,4.4,0
62.4776,-148.2333,3.6,1
38.6282,20.4871,4.4,0
51.9618,178.2784,3.2,1
44.0883,-129.3888,3.8,1
-37.3154,179.9208,4.6,0
51.0575,-172.6613,3.2,1
11.7528,144.5081,4.5,0
-17.486,167.9053,4.6,0
52.5782,-167.552,3.2,1
-33.9914,-72.3654,5.0,0
-14.7056,166.8473,4.8,0
39.631,-120.1395,3.12,1
43.6572,-128.0682,3.4,1
52.1625,176.0192,3.2,1
36.6998,140.9122,4.2,2
51.3232,100.3997,4.1,0
50.1095,179.9473,4.4,0
-4.5295,102.5048,4.9,2
51.3508,177.2015,3.4,1
-21.8096,170.3628,4.2,0
51.2913,100.2227,4.4,0
31.72165965,-104.5259366,3.9,1
18.6508333333333,-64.3808333333333,3.32,1
35.0447,25.2053,4.8,0
-23.2478,172.1286,4.1,0
32.7149,23.4375,4.1,0
33.0177,-39.6549,4.4,0
-22.9253,170.8954,4.4,0
-30.3972,-71.9719,4.5,0
19.2491,-65.1038,3.73,2
19.1891666666667,-155.481,3.55,1
54.9274,111.8074,4.2,0
36.3856,27.1625,4.1,2
36.8164,-104.8033,3.3,1
19.0248,-64.9046,3.68,1
56.2342,-149.2156,4.3,0
51.475,-175.6896,3.2,1
37.4838,137.229,4.4,0
-29.6233,-177.9313,4.5,0
52.0174,175.0087,3.5,1
15.7749,-96.4918,4.0,2
-29.0903,-177.0123,5.5,0
56.2844,-149.247,3.2,1
-15.2411,-173.0047,4.7,0
31.8561667,-116.1773333,3.03,1
36.565,-121.1555,3.26,1
17.5951,120.8901,4.5,0
35.228,141.4204,4.7,0
6.9849,-72.0921,4.3,2
-58.6072,-23.9393,4.9,0
38.6657,-97.4701,3.1,1
-14.9742,-173.273,4.1,0
-6.6579,104.7385,4.9,0
44.3499,-129.6937,3.9,1
36.2606,36.2043,4.6,0
-1.8693,133.4039,4.6,2
55.0582,-159.3026,3.3,1
53.4393,-167.0626,3.2,1
19.6966,-65.7298,3.76,1
18.7585,-67.2045,3.48,1
18.0025,-66.871,3.07,1
-7.1346,155.8416,4.4,2
62.8221,-25.0768,4.7,0
14.2578,119.3144,4.9,0
-15.0157,166.4464,4.2,0
19.4245,-155.228,4.1,0
10.4627,94.1965,4.2,0
-29.9009,-177.4604,4.4,2
-9.9439,113.0943,4.5,0
38.4147,22.0612,4.6,0
19.0758,-64.7995,3.46,1
2.7552,127.054,5.1,2
6.8263,126.3669,4.4,2
-60.4417,-26.5904,4.3,0
18.1832,146.6852,4.6,2
40.5355,-124.3973333,3.7,1
44.4683,-129.7785,4.1,0
-55.6491,-28.487,4.6,2
36.2458,142.0116,4.2,2
24.9208,122.7094,4.0,1
26.7173,126.5426,5.5,0
-3.3223,146.9744,4.8,0
3.1025,125.8242,4.6,2
-10.8314,113.3152,4.6,0
5.8997,-84.4182,4.6,0
13.5926,-90.8863,4.4,2
-23.6199,171.3035,4.2,0
-0.9089,131.2231,4.1,0
32.6338,142.6839,4.1,0
-29.7591,-176.831,4.2,0
-55.128,-32.0972,4.7,0
58.0945,-32.1519,4.5,0
38.5126667,-119.5021667,5.03,0
53.243,-166.774,3.1,1
-10.4334,162.6111,4.6,0
44.3692,-129.3007,5.1,0
-14.9454,-173.5466,4.6,0
19.179,-155.508,3.01,1
-6.0418,-80.4986,4.3,2
33.7343,137.2383,4.5,0
37.7198,77.9128,4.5,0
0.7837,124.8766,4.9,2
-15.7233,-178.127,4.4,0
-0.0121,96.667,4.1,0
-17.26,167.88,4.9,0
-6.2598,142.5893,4.6,0
14.485,119.2198,4.8,0
17.2017,120.5361,4.2,2
-22.7727,171.451,4.1,0
-22.7533,-68.4908,4.1,0
-7.2828,105.1444,4.3,2
34.9377,25.065,4.2,0
37.8532,142.1402,5.3,2
-14.0913,-169.45,3.4,1
-37.431,179.7104,4.3,0
-27.0762,-175.9686,5.3,0
54.644,-156.8053,4.1,0
19.1408,-67.2253,3.75,1
-43.4998,172.7858,4.5,0
59.9126,-151.8173,3.1,1
19.0361,-65.4466,3.48,2
14.5543,123.3319,4.2,0
-22.7347,171.1398,4.8,0
-59.4871,-25.7612,4.7,2
28.2967,-43.6407,4.5,0
-6.3676,-80.6395,4.2,2
-37.201,179.7437,4.1,0
51.9979,177.2272,4.2,0
3.949,95.9628,4.2,2
67.569,-18.5311,4.4,0
-16.1908,176.8334,4.9,0
-31.9162,-177.8512,4.8,0
-2.0886,139.1736,4.1,2
17.9503,-66.9205,3.1,1
52.1745,-170.3421,3.2,1
-45.8081,-75.9256,4.6,0
-37.021,179.7018,4.6,0
-5.1902,134.4227,4.3,0
-11.858,165.8463,4.4,0
-60.2917,-26.5403,5.8,0
2.729,127.0199,4.7,2
46.147,53.1117,3.8,1
-4.9014,133.807,4.7,0
51.2865,-178.4409,3.6,1
26.9626,126.4493,4.1,0
13.791,-92.2761,4.4,2
-33.0478,-179.1691,4.4,0
19.4525,-66.2445,3.55,1
-29.9862,75.5943,4.3,0
31.66692993,-104.3999478,3.1,1
-23.0511,171.6566,7.7,0
7.9272,-37.9456,4.9,0
55.3384,-157.1631,4.1,2
-8.0214,120.7263,4.5,0
41.5049,143.0525,4.5,2
-37.2975,179.7787,4.5,0
53.1725,-166.663,3.3,1
60.2504,-145.9788,3.1,1
-35.1266,-179.8994,4.4,2
40.2941667,-124.4145,3.69,1
51.3724,-176.3968,3.3,1
52.5675,160.3574,4.5,2
17.9423333333333,-66.5148333333333,3.04,1
14.6756,144.3595,4.3,0
0.3492,125.8924,4.6,0
66.554,-19.1032,4.4,0
43.0433,-97.8633,3.1,1
18.8588333333333,-155.508166666667,3.08,1
-25.2335,-175.4691,4.6,0
29.9133,-113.6708,4.5,0
26.2173,67.4737,4.0,1
44.0543,148.634,4.2,2
-9.9503,159.9707,4.5,0
37.2073,36.5988,4.4,0
31.7237,93.6523,4.2,0
17.4113,-65.5743,3.46,1
46.7091,152.5744,5.2,2
64.5119,-134.9768,4.4,0
-29.1216,-176.8483,5.9,0
52.2542,-167.954,3.2,1
-22.2941,-175.157,4.6,2
52.8956,-173.4661,3.2,1
40.3226667,-124.3578333,3.1,1
38.1845,38.5342,5.0,0
18.8341666666667,-155.199833333333,3.1,1
18.0209,-66.8372,3.1,1
32.48931885,-101.6733756,3.4,1
54.8837,-158.3025,3.1,1
30.4392,140.19,4.7,0
52.3466,-167.5852,4.2,0
-58.1245,-24.065,5.0,0
-41.8052,88.6422,4.6,0
2.5806,-84.4822,4.2,0
-29.7877,-176.8827,4.5,0
-21.7005,-173.4331,4.9,0
33.1436667,-115.6266667,3.56,1
-5.6268,147.8294,4.5,2
14.1878,119.2593,4.8,0
37.3501,141.86,4.7,2
-14.7053,166.9053,4.5,0
-3.2565,146.4815,4.9,0
14.0082,119.4751,5.0,0
-53.0802,140.1853,4.8,0
-59.5852,-24.0594,4.5,0
31.66961329,-104.4112763,3.4,1
44.8746,16.9209,3.3,1
-15.9236,-174.8895,4.5,0
10.1919,126.1496,4.5,0
-30.1442,-71.9729,4.2,2
-47.3594,165.7473,5.1,0
-59.5465,-23.9315,4.6,0
-58.5847,-24.9186,4.5,0
0.4178,-79.9285,4.6,2
-0.2372,-80.6958,5.5,0
53.4576,-163.5567,3.3,1
32.38861084,-101.6262147,3.1,1
51.0471,179.2767,3.2,1
19.2443333333333,-67.1105,3.3,1
13.2537,50.43,4.7,0
10.0799,125.9819,4.2,0
13.6648,120.6582,4.6,0
-58.0218,-25.3321,4.4,2
31.3961,141.7853,4.3,0
-40.1327,175.2458,4.0,2
38.618,144.8209,5.0,0
27.9015,53.8188,4.2,0
35.6648333,-117.4856667,3.36,1
37.9018,36.1797,4.1,0
-51.5794,139.5734,4.8,0
37.0767,28.4647,4.1,0
24.0486,142.8271,4.6,2
-9.3222,119.5755,4.2,2
24.279,98.0811,4.1,0
0.7589,126.5652,4.2,2
-1.5462,120.2745,4.6,0
14.221,119.3775,4.4,0
70.8628,129.0274,4.7,0
55.3149,-159.4411,3.1,1
-29.0316,-177.0371,4.6,0
-17.7137,-176.4436,5.0,0
55.3787,162.6024,4.1,2
42.0818,79.9463,4.9,0
-3.7365,100.5702,5.0,0
1.2189,126.7611,4.4,0
3.8327,-31.5117,5.0,0
52.5341,-169.7508,3.3,1
-28.8827,-176.5101,5.0,0
-17.5261,-63.6355,4.2,0
17.5566666666667,-67.7223333333333,3.21,1
-28.5969,-176.3492,4.7,0
-8.7137,116.8842,4.4,0
58.2522,-155.1276,3.2,1
10.3658,94.0742,4.7,0
-33.0275,-178.4483,4.8,0
32.76672363,-100.6604897,3.6,1
-12.8315,66.3765,5.3,0
-14.8493,166.7892,4.4,0
-22.9326,170.9704,4.3,0
22.7371,114.9822,3.8,1
8.6923,-82.403,3.5,1
61.3829,-149.7935,3.2,1
46.7308,152.7186,4.7,2
-58.8387,-25.2481,4.6,2
51.2902,-176.3983,3.7,1
16.2209,-98.7916,4.5,0
32.202,68.7997,4.7,0
66.4096,-142.0541,3.1,1
0.6015,-29.0981,4.6,0
-3.262,100.1679,4.5,0
22.7907,120.9061,4.3,0
-21.3179,-174.0117,4.6,0
51.4187,-176.9036,3.7,2
-21.1597,-174.1529,4.8,0
38.3392,22.5785,5.3,0
26.8833,126.5409,4.2,0
19.1506666666667,-65.0928333333333,3.38,1
-9.1621,123.9568,4.5,2
-5.0608,102.2805,4.5,2
-59.531,-29.745,5.5,0
35.5003,36.6702,4.4,0
38.6028,142.344,4.6,2
-2.8671,141.9002,4.6,0
17.8916,-66.8721,3.15,1
2.7842,127.0146,4.7,2
29.2775,105.5104,4.5,0
-2.644,140.5502,4.7,0
-18.657,-172.8938,4.6,0
17.9453,-67.0078,3.38,1
4.8192,62.4352,4.9,0
18.8406666666667,-65.4393333333333,3.25,1
-58.6519,-25.046,4.5,2
35.2059,141.2855,4.8,2
-26.5254,-13.7043,4.6,0
-14.6731,-5.1273,4.8,0
-36.4822,-72.9156,4.5,2
17.9266,-66.9146,3.81,1
43.1001,81.5926,4.7,0
46.6207,-27.3008,4.6,0
19.0175,-67.2703,3.37,2
32.3863,142.3643,4.6,0
-23.1413,171.5126,4.4,0
54.164,-159.6071,3.2,1
53.3284,-159.5369,3.1,1
37.7907,37.4444,4.3,0
28.4419,-100.3467,3.4,1
19.197,-155.384666666667,3.33,1
-20.0265,169.2668,4.5,2
25.3571,128.3426,4.2,0
38.5418333,-119.5315,3.79,1
0.463,96.8611,4.6,0
40.769,27.404,4.4,0
-4.6778,153.5773,4.9,2
52.8245,-31.3136,4.5,0
53.475,-163.5185,4.4,0
-4.7878,133.9184,4.3,0
-28.5603,-177.7656,4.2,0
-1.2095,-13.9351,4.5,0
11.9548,-87.1542,4.9,2
12.9565,-89.0417,4.1,2
-28.8137,-176.7002,5.4,0
18.0705,-66.7988,4.22,0
9.5529,127.0685,4.4,0
26.6158,126.3118,4.5,0
-4.7847,153.731,4.6,0
-14.9083,166.6146,4.6,0
-14.9429,166.9491,4.6,0
-60.3668,-27.1059,5.1,0
-5.4945,151.7729,4.7,2
2.7999,89.4628,4.0,1
18.9646,-64.266,3.67,1
30.2246,57.5544,4.2,0
43.2357,-127.3205,3.4,1
-4.6803,68.773,4.4,0
32.07401474,-103.7116181,3.2,1
-23.7799,171.7145,5.4,0
12.8066,47.9474,4.9,0
-55.8015,-26.4466,4.3,0
-30.0044,-177.5719,4.6,0
-0.857,133.5224,4.4,2
23.5132,-44.8879,4.5,0
-30.4996,-176.5539,4.6,0
39.1779,72.2739,4.2,0
18.7393,-64.5146,3.6,1
-14.7615,168.0609,4.9,0
54.4215,-159.6471,3.5,1
27.5448,105.2266,4.4,0
17.9663,-66.8983,3.18,1
55.3986,-155.6138,3.1,1
-26.5824,-13.7152,5.4,0
12.935,121.0059,4.6,0
-18.1472,-173.9742,4.6,0
17.9446,-67.1141,3.02,1
31.7032,73.979,4.2,0
38.8286667,-122.8148333,3.3,1
-15.0832,-173.0874,4.3,0
19.3666666666667,-68.1218333333333,3.43,1
-18.0921,168.1901,4.6,0
32.2673,141.7065,4.2,0
-15.8595,-71.7954,5.1,0
-31.7966,-178.869,4.9,0
4.5308,62.3788,4.6,0
19.264,-65.713,3.45,1
-22.9797,-69.9826,4.3,2
42.4715,1.3526,4.0,0
3.0079,127.0761,4.7,2
22.7741,94.0827,4.4,0
-27.4859,66.444,4.5,0
-17.1751,167.4642,4.6,0
44.3608,149.3189,4.3,0
38.3763,22.0021,4.3,0
-9.9956,159.8901,4.6,0
13.5648,123.1742,4.4,2
19.2398333333333,-155.409333333333,3.27,1
7.2036,-34.1931,4.8,0
19.4222,121.0935,4.3,2
51.1428,-178.2001,3.9,2
31.65887722,-104.3654279,3.4,1
2.1785,128.9953,4.6,0
-37.5423,144.8406,3.8,0
28.0164,127.9896,4.1,0
-46.9056,165.9409,4.2,2
-29.6769,-176.6814,4.7,0
60.1867,-146.9782,3.3,1
18.8315,-67.168,3.37,1
-61.592,-55.0265,4.3,0
51.468,159.845,4.9,0
19.1816666666667,-66.5798333333333,3.36,1
34.14,-116.443,3.06,1
-59.6618,-29.3476,4.9,0
-58.2437,-24.8683,4.4,2
51.1595,-179.2687,3.8,1
-7.6935,130.0542,5.1,0
-15.3766,166.3907,6.5,0
17.9325,-67.0853,3.6,1
-0.118,96.5694,4.1,0
-11.0296,166.6332,4.5,0
5.0473,125.2793,4.9,2
1.1058,125.6232,4.4,2
17.8993,-66.8693,3.08,1
23.6179,93.9413,4.3,2
29.6189,141.4545,4.4,2
1.5083,66.8002,4.6,0
18.9426,-68.53,3.68,2
-4.5717,102.0135,4.6,2
-28.3748,-177.6034,4.5,0
19.2005,121.0915,4.5,0
19.9041666666667,-155.158333333333,3.24,1
17.92,-67.0156,3.03,1
31.5136,142.3373,4.4,0
-60.3188,-24.9232,4.6,0
-23.1048,172.8657,5.1,0
-4.6982,138.3708,5.5,0
19.201,-155.387,3.34,1
22.8779,96.0167,4.5,0
51.4214,159.8434,4.6,0
-3.3554,152.0853,4.5,0
-18.3358,-173.745,4.5,2
38.5493333,-119.466,3.55,1
29.0575,69.5091,4.6,0
38.6907,39.9843,4.5,0
35.1339,46.3272,4.4,0
-4.8305,102.9546,5.5,2
54.318,-159.7281,3.2,1
28.696,-17.6878,4.6,0
-28.8013,-176.598,5.7,0
-58.6365,150.5231,4.5,0
59.7199,-139.6024,3.9,1
27.9837,128.0768,4.4,2
42.0783,142.5361,4.9,2
38.6937,42.5508,4.2,0
-22.7876,170.9159,5.8,0
-32.2596,-71.7162,4.2,2
-26.4814,27.7854,4.4,0
32.06268311,-102.2393054,3.3,1
53.8469,-35.1237,4.9,0
37.6772,141.9689,4.2,2
19.0319,121.1407,4.6,2
19.1605,-155.4905,3.37,1
25.7146,99.9459,4.4,0
53.5333,-164.8872,3.4,1
-23.0068,171.0961,4.3,0
-56.038,-26.8229,4.7,2
-1.8101,99.6227,4.3,2
51.5359,16.1331,4.2,0
53.6658,-35.3781,4.5,0
19.6711,-65.7491,4.14,2
-15.8421,67.1901,4.4,0
-23.3531,171.5416,5.2,0
-54.3898,-120.3336,4.7,0
34.9234,24.736,4.1,0
37.8398,141.9106,4.0,2
51.5919,-179.7035,3.9,1
-8.1126,120.7985,4.9,0
-1.2767,98.3374,4.3,0
47.2486,153.2429,4.9,2
-55.8469,-122.6227,4.4,0
52.5182,171.5342,3.6,1
-34.9427,-74.3169,3.9,1
-11.6114,165.6045,4.6,0
5.2182,126.4028,4.5,2
1.9828,98.8391,4.3,0
51.1311,142.2583,4.0,1
-29.913,-177.2896,4.1,0
52.8431,-167.5797,4.0,2
40.5465,-126.9964,3.4,1
13.5455,124.9909,4.4,0
45.5856,151.9468,4.1,0
-30.7013,-71.3691,4.5,2
39.899,142.1931,4.9,2
51.2984,-174.317,3.3,1
37.2256,37.0143,7.8,0
41.0214,78.3727,4.4,2
-45.9319,-72.8011,4.2,0
-1.0632,146.9964,4.5,0
-15.3979,-172.5462,4.4,0
-6.6702,95.3562,4.3,0
2.8007,96.1734,4.2,2
-15.6891,-173.102,5.0,2
7.3338,127.1512,4.6,0
2.6208,127.0252,4.1,2
-20.1874,169.0664,4.7,2
-2.0195,140.3957,4.2,0
-20.0931,-177.1131,4.6,0
18.004,-66.4915,3.02,1
39.803,143.4149,4.1,2
16.9328,-99.7029,4.4,0
11.0301,-86.7218,4.6,2
44.0259,-129.1786,4.4,0
47.2964,-27.2794,5.7,0
51.632,174.7057,4.4,0
-23.279,170.7016,4.4,0
-7.9744,120.7019,4.4,0
10.2856,93.8306,4.6,0
16.2075,96.1565,4.0,1
18.4457,-73.5948,4.3,0
52.3321,-170.0028,5.2,2
-10.2454,153.3329,4.4,0
64.0167,-21.9792,4.3,0
-5.9982,147.2807,5.9,2
-35.6636,-104.3159,4.4,0
-13.6613,166.8537,4.4,0
-2.8884,134.2964,4.6,0
17.9578,-66.8903,3.09,1
40.58,36.9462,4.3,0
-27.5264,-71.2313,4.3,2
-30.2066,-177.5197,4.5,2
-60.5574,-28.7515,4.6,0
-31.0765,-179.0438,4.4,0
-4.6545,130.1351,4.0,2
37.714,141.7449,4.2,2
-1.0392,98.3974,4.7,0
-22.2048,-175.4129,4.7,2
-59.7471,-26.2045,5.0,2
-6.0017,122.5323,4.3,0
40.4952,-127.1936,4.0,1
-22.8927,171.7587,4.5,0
-29.5864,-176.7905,5.1,0
52.7463,-168.1985,3.2,1
36.382,-97.6435,3.03,1
-7.1273,-12.8636,5.4,0
34.4608,99.104,4.7,0
25.6457,96.717,4.3,0
5.2029,125.3122,4.6,2
44.6651,-68.5787,3.3,1
26.4438,-111.0277,4.4,0
19.2766666412354,-155.421997070312,3.33,2
52.6729,172.3281,3.7,1
53.3882,-35.2848,4.5,0
-10.2347,-73.6782,4.4,2
13.128,122.7033,4.6,0
-56.0504,-26.6483,4.9,2
-10.3654,124.5192,4.3,0
23.3808,-45.0581,5.5,0
22.3521,145.106,4.2,0
39.1353333,-122.2215,3.17,1
13.0789,-89.6786,4.4,2
28.2603,131.072,4.3,0
-23.0153,170.658,4.7,0
-23.3525,171.7606,5.1,0
27.0043,126.3215,4.8,0
-57.7666,-23.5806,4.7,0
3.1564,-84.2619,4.7,0
17.9491666666667,-66.5081666666667,3.09,1
-5.7691,152.0832,5.0,0
41.1407,83.541,4.5,0
18.9815,-65.0935,3.85,1
-30.1237,-176.912,4.7,0
11.2215,124.0852,4.3,0
2.6118,126.924,4.4,2
18.9486,-64.2588,3.67,1
-20.1565,-70.7006,5.0,0
-22.8763,172.4582,4.6,0
50.6403,-170.5971,3.6,1
10.1911,127.331,4.1,0
19.613,-65.8076,3.88,2
51.2813,-178.6494,3.8,1
-5.1019,134.0806,4.6,0
31.97662354,-102.3379144,3.1,1
-7.9183,116.6349,4.9,0
42.9946,-105.933,3.8,0
36.9611,36.6603,4.6,0
40.5071,-119.1791,3.2,1
-22.7724,171.9205,4.7,0
-23.2686,170.7453,4.8,0
-30.3563,-71.8526,4.7,0
15.2452,-104.3584,5.5,0
-10.5953,163.1825,4.4,2
14.6269,93.0229,4.7,0
4.4989,96.8993,4.3,0
22.5162,100.9286,4.3,0
32.3382,101.8022,4.8,0
-1.4523,126.4781,4.9,2
-5.0063,130.8358,4.1,2
63.0323,-151.5703,4.1,0
0.8928,126.129,5.0,0
-23.2935,171.6772,5.7,0
-59.694,-26.5573,4.3,2
-37.7861,179.6426,4.3,0
-1.1601,98.5598,4.4,0
34.974,133.0558,4.5,0
3.3968,126.6947,4.6,2
51.8643,-177.9546,3.2,1
36.258,142.0519,4.8,0
38.1569,-118.2405,3.9,1
-30.8979,-177.978,4.4,2
29.5452,104.5796,4.4,0
37.4291,-115.5139,3.4,1
-2.9966,118.9163,4.2,0
-39.5628,-75.0152,4.2,0
33.0083,69.5438,4.2,0
-6.2708,147.6801,5.4,2
28.1045,104.9825,4.4,0
26.9851,96.6035,4.4,0
29.534,141.0495,4.3,2
-33.3851,117.0067,4.2,0
8.5277,137.7418,5.4,0
-58.3938,-24.9723,4.6,2
37.7061667,-122.1223333,3.9,0
15.0041,119.7519,4.9,0
17.792,-68.5238,3.68,2
20.9184,144.5413,4.4,0
-1.5106,-80.9299,5.1,2
44.6279,149.5527,4.4,2
32.6119,142.5292,5.7,0
54.6597,-156.7349,3.7,1
-34.5251,-71.882,5.4,2
51.5388,-173.4432,3.4,1
51.1094,-178.7663,3.6,1
-23.1576,-68.842,4.4,0
-17.5447,167.593,4.5,0
-60.4652,-27.1401,6.0,0
23.2606,103.344,4.0,1
-10.2424,119.3123,4.0,1
19.979,-64.8216,3.67,1
43.5709,-28.9107,4.9,0
-16.3585,-177.5437,5.7,0
-30.7543,-177.816,4.6,2
13.8733,-91.9335,4.7,2
23.4722,123.5732,5.2,0
53.766,-164.0938,3.3,1
-30.0203,-177.8059,4.5,2
-30.3434,-177.8583,4.4,2
-60.5065,160.2974,5.9,0
18.7518,-64.3015,3.58,1
-28.3753,-12.6837,5.2,0
18.2755,-64.2713,3.66,1
-23.0158,172.0506,4.6,0
44.6357,-129.7665,3.8,1
-25.0004,-175.3263,4.3,0
11.9663,143.7275,4.3,0
-28.3467,-176.3388,5.2,0
10.8969,121.8532,4.4,2
-8.4255,128.3344,4.9,0
57.8229,-32.696,4.6,0
19.0186,146.9675,4.6,0
44.5474,148.995,4.4,2
56.8378,-153.048,5.4,0
44.2347,-129.2887,4.2,0
-7.8452,104.24,4.5,0
15.9053,147.2583,5.5,0
53.8874,-35.1234,4.6,0
60.3169,-151.7548,3.2,2
42.6548,45.3351,4.5,0
19.0496666666667,-155.4255,3.21,1
41.1879,142.3431,4.5,2
-59.4773,-26.0673,4.4,2
-38.1797,-93.7892,4.7,0
-59.2822,-25.152,4.5,2
-15.8652,167.2927,4.9,0
52.1081,-170.7474,3.5,1
-4.9018,103.0305,5.3,2
29.6532,142.3847,5.2,0
6.3565,127.2817,4.5,0
54.6749,-156.8824,3.4,1
55.3387,163.1459,4.2,2
-9.781,112.9219,4.3,2
22.2112,101.7346,4.4,0
28.0434,128.1255,4.6,0
-30.058,-177.4004,4.6,0
23.925,121.6399,4.3,0
19.2158333333333,-155.420666666667,3.04,1
18.8528,-64.4038,3.65,1
53.8131,-35.0862,4.6,0
51.51,-178.2933,5.0,2
31.0015,48.6419,4.0,1
-10.0572,120.5478,4.3,2
-29.5528,-176.9654,4.8,0
51.6479,-175.2126,3.3,1
25.766,141.8058,4.6,2
26.9417,55.1967,5.5,0
-22.6761,172.0828,5.0,0
40.2762,142.2673,4.4,2
43.5458,-127.8908,3.3,1
19.9018333333333,-156.7945,3.6,1
40.6354,48.6029,4.5,0
-28.4069,-177.8909,4.8,0
44.4428,-130.2559,4.2,0
13.9966,120.5752,4.5,0
58.1115,-32.1193,4.4,0
33.1046,139.3865,4.3,0
3.0003,126.8399,4.3,2
25.5864,99.9677,4.6,0
12.093,144.1914,4.8,0
23.9253,121.6306,4.2,2
19.0486,-68.1196,3.5,1
12.6207,48.0472,4.4,0
-22.7527,-174.2902,4.7,0
40.4992,145.1024,4.5,0
26.7477,92.4849,4.8,2
19.4358333333333,-155.315666666667,3.09,1
56.9587,-33.8818,4.9,0
-11.8061,41.0086,4.5,0
-58.0056,-23.8096,5.0,0
26.7482,130.3585,4.4,0
51.5347,-173.247,3.2,1
54.4926,-163.2532,3.1,1
-59.7941,-29.2399,4.7,0
30.4542,131.033,4.9,2
19.0066,-64.896,3.4,1
-20.9798,-174.2712,5.8,0
22.3921,121.1618,5.2,0
-4.041,152.0395,4.5,0
18.14,146.6987,4.5,2
53.2798,-163.9636,3.7,1
-28.4628,-176.8504,4.6,0
-55.939,-27.7965,5.1,2
33.3042,75.5872,5.1,0
16.7388,-101.0501,4.1,0
-23.1965,170.8594,4.4,0
10.3944,94.2851,5.0,0
38.8334,21.3184,4.6,2
-45.6632,-77.3216,5.2,0
-63.1612,-160.5108,5.4,0
35.6815,-117.5335,3.53,1
61.6523,-149.8477,3.3,1
11.8287,-87.1923,4.3,0
38.7574,144.2236,4.4,0
-33.6512,-178.2732,4.4,0
-7.2005,156.1372,4.3,0
-22.5518,170.1618,4.5,0
-58.6341,-23.257,4.4,0
-20.7177,-175.5177,4.8,0
37.3405,36.8426,4.1,0
2.7118,126.8934,4.3,2
-29.8706,-177.4986,4.2,2
-14.0772,-169.4508,3.1,1
-23.3057,171.5255,5.2,0
28.8231,76.6692,3.7,1
54.7167,-159.7298,4.1,2
18.7571666666667,-67.824,3.14,2
50.9998,-179.3395,4.1,2
13.1116,-91.0652,4.2,0
18.0755,148.1351,4.9,0
18.871,-66.3928333333333,3.36,2
-2.4758,140.6567,4.9,0
-14.9527,167.9247,4.9,0
-30.237,-177.4903,4.7,0
-29.9967,-177.5014,5.0,2
-14.9441,-173.5332,5.2,0
13.1442,93.2891,4.2,2
0.8467,-29.2475,5.5,0
-51.4427,139.4375,4.6,0
0.4487,96.7619,4.9,0
28.0568,52.2321,4.0,1
44.4874,-130.1044,3.8,1
-12.3095,-77.2463,4.4,2
-28.2979,-176.4137,5.2,0
37.9341,36.6247,4.0,1
37.7298,141.6813,4.4,2
37.6196,56.8049,4.0,1
-48.162,-9.8792,4.7,0
14.5064,123.3527,4.4,2
-38.2957,-93.227,4.3,0
-16.031,-73.7071,4.9,2
34.6157,28.2566,4.1,2
41.4374,83.7236,4.0,1
36.5108,28.5676,4.0,2
51.5072,-173.7072,3.2,1
-9.5999,112.8431,4.2,2
17.9518,-66.999,3.56,1
19.0944,121.3414,4.2,0
60.0305,-140.3565,3.8,1
-59.4163,-25.281,4.5,2
-28.1071,-176.9407,4.1,2
-7.3569,-74.7943,4.9,0
33.1481667,-115.6305,3.89,1
-20.7856,-175.3988,4.8,0
51.7456,-173.345,3.1,1
25.0405,96.1665,4.4,0
19.8341,121.277,5.0,0
6.215,-82.6436,4.5,0
10.9731,-84.4625,4.0,1
2.6033,-84.4845,4.9,0
1.1123,126.7979,4.5,0
-20.1729,168.988,4.7,2
25.689,100.2762,4.2,0
52.5866,143.276,5.2,0
31.65851409,-104.3498159,3.3,1
-21.1145,-173.2795,4.9,0
13.9579,119.387,4.5,0
55.9201,162.7815,4.4,2
54.1229,-156.2782,3.5,1
46.8084,152.0181,4.3,2
16.5311,-95.2011,4.1,0
-12.3007,166.1384,4.8,2
32.41973877,-101.591916,3.4,1
-18.3523,65.4042,4.3,0
-27.8213,-176.6967,5.0,0
19.1628333333333,-155.486666666667,3.15,1
61.462,-140.3653,3.1,1
54.8624,-159.5559,4.2,2
-57.2562,-25.52,4.3,2
-22.4116,170.2024,4.5,0
8.0946,-82.8903,4.4,0
-35.0243,179.6827,4.6,2
25.094,96.2561,4.6,0
-57.6962,-23.5031,4.4,0
33.2354,-115.6436,4.1407,0
51.5301,100.1421,4.6,0
51.2965,178.8816,4.6,2
51.9275,-178.0244,3.3,1
-2.6765,139.0416,4.2,2
-3.19,101.4217,5.4,0
54.3702,-159.7159,3.6,1
38.757,-122.7228333,3.98,0
51.4347,-175.3438,3.7,1
-25.9848,70.7644,4.6,0
9.3365,93.7769,4.6,0
-5.6106,35.2169,5.0,0
-58.764,-25.1447,5.5,2
64.6993,-20.4697,4.5,0
-31.773,-72.1441,4.1,0
-23.1154,171.6859,5.5,0
39.8369,22.1643,4.3,0
-28.3891,-177.9035,5.4,0
-32.6743,-71.9471,4.3,0
-33.7504,179.5715,5.2,0
79.6804,3.3718,5.5,0
36.3788,27.1475,4.2,0
0.368,126.3833,4.9,0
36.2065,140.044,4.4,2
16.0809,-96.9831,5.4,0
60.6947,-58.5889,4.2,0
-8.2702,156.3754,4.6,0
21.459,144.2199,4.5,0
15.4018,96.2849,4.7,0
-20.1837,-69.9072,3.3,2
10.4133,-62.3345,5.1,0
29.4668,141.1128,4.4,2
52.8812,-167.9508,3.2,1
43.3741,-126.6356,4.4,0
-14.0973,-169.4595,3.2,1
2.8108,126.9383,4.6,2
50.4634,177.635,3.1,1
-59.6005,-25.9778,4.4,2
33.636,81.891,4.6,0
57.1753,-122.1931,4.0,1
9.7592,93.6952,4.7,2
37.4415,-112.9816667,3.07,1
-8.1038,120.6142,5.2,0
-19.308,-173.467,4.7,0
-61.5323,-55.1454,4.3,0
55.1682,-158.203,3.1,1
40.1283,83.2247,4.5,0
39.0723,141.8127,4.1,2
51.6093,-173.6023,3.7,2
37.6356,142.1862,4.3,2
45.4828,16.2423,4.0,1
-60.2973,-24.0227,4.4,0
-0.5045,127.5534,4.2,0
-7.5917,105.8256,5.1,0
13.7137,-90.4943,4.2,2
51.7223,-171.6154,3.2,1
29.37,129.2778,4.4,0
-8.1298,120.685,4.3,0
-12.3242,166.6075,4.3,2
-56.3948,-26.0298,5.4,0
55.0122,-159.3888,3.2,1
-26.3623,28.4239,4.1,0
-23.0513,171.485,4.3,0
9.2801,125.406,5.2,0
-57.0559,-26.1176,4.6,2
43.4229,147.0226,4.2,2
-31.1328,-176.2883,4.3,0
38.1864,-117.8655,3.5,1
-7.6622,103.7499,4.4,0
27.4482,55.2274,4.7,0
-4.9622,102.5414,4.3,2
2.8152,127.0643,4.6,2
3.6066,126.5401,4.2,0
-50.0964,115.5072,4.9,0
-7.6606,121.2254,4.5,0
-37.9841,-74.0998,4.4,0
55.0663,-157.5724,3.4,1
-56.7145,-6.3016,5.0,0
25.4966,-109.8101,4.9,0
46.2236,152.769,4.7,0
-0.5434,98.5566,5.3,0
54.7216,-161.3247,3.7,2
54.1053,-159.6581,3.2,1
-45.652,-77.6608,4.2,0
36.0392,21.9177,4.1,0
-22.6714,-174.8006,4.7,0
-8.225,117.179,4.2,0
-58.2659,-23.3373,4.5,0
53.5972,-162.7629,3.9,1
-16.7985,-176.9918,5.2,0
55.5626,-155.1574,4.2,0
19.0931,-66.4738,3.46,1
-11.7071,117.1821,4.3,0
42.2335,-126.3995,3.9,1
-28.3356,-176.5472,5.2,0
18.8913333333333,-67.2791666666667,3.14,1
-24.8675,-175.0019,4.5,0
17.9618,-66.847,3.03,1
14.1365,-92.3741,4.1,2
-21.8916,-69.7599,4.5,2
6.0398,60.5581,4.3,0
-16.063,-74.2812,4.4,2
-2.7467,126.6398,4.5,0
38.7876667,-122.7821667,3.59,1
42.979,0.3442,4.0,1
51.585,-175.0569,3.6,1
-29.3068,-176.1262,4.9,0
-5.806,152.1954,4.4,0
2.9032,-31.2399,4.6,0
17.9596,-66.8266,3.33,1
-10.0378,116.7478,4.4,2
-29.2817,-176.6428,4.6,0
-2.9534,136.6526,5.2,2
-29.9839,-177.4855,4.5,0
-30.4537,-177.0825,4.4,0
-62.5337,-161.6284,5.7,0
-16.2267,-73.5108,4.4,2
-5.732,69.7984,4.6,0
-29.7796,-176.9034,4.9,0
63.485,-150.8687,3.2,1
44.2341,-128.9676,3.3,1
16.4079,-48.8213,4.8,0
-22.7614,170.278,4.2,0
-49.2501,123.1396,4.6,0
-29.8884,-71.7733,5.1,0
6.875,-82.6249,4.2,0
0.5192,129.14,4.4,0
-19.0494,-171.9294,4.5,0
-28.8125,-176.4021,5.0,0
16.7717,-61.339,5.0,2
14.503,123.0492,5.2,0
37.5663,142.3291,4.1,2
-49.0864,124.7754,4.6,0
-21.4864,-174.208,4.8,0
51.723,-173.6561,3.2,1
35.5108333,-118.3873333,3.55,1
18.5724,146.6834,4.2,2
-17.8983,167.8906,4.5,0
39.8472,143.8948,4.2,0
55.4128,-157.3409,3.5,1
84.9733,94.9946,4.5,0
23.1346,93.8775,4.5,2
22.8859,144.0613,4.7,2
13.4163,-91.3143,4.4,2
23.9275,122.3571,4.4,0
4.5926,127.3525,4.5,2
53.4484,-165.2317,3.3,1
33.0339,76.074,4.3,2
5.8294,127.0825,4.5,2
52.3924,-168.2113,4.7,0
24.8659,122.555,4.2,0
21.6884,120.9705,4.9,0
-55.3437,-27.9478,4.2,0
38.5818,31.6373,4.0,1
-0.3132,125.8167,4.6,2
-7.3449,121.3006,4.6,0
26.4721,141.8049,4.4,2
57.153,-122.1865,4.2,0
-15.223,166.6972,4.7,0
32.6567,35.4637,3.7,1
-59.9143,-23.571,4.3,0
-35.5452,-104.2368,4.5,0
14.0669,-92.9204,4.5,0
53.8975,-160.8725,4.9,0
0.1364,96.6442,6.7,0
41.9113,142.5143,4.4,2
18.9956,-65.079,4.03,1
39.7218,22.0665,4.4,0
10.2032,126.1261,4.6,2
26.642,54.228,4.9,0
-5.5374,151.8331,4.7,0
54.083,-35.0767,4.6,0
82.9932,-28.5627,4.2,0
-26.5007,27.3345,4.5,0
53.8132,-163.1016,3.8,1
26.0202,128.5306,5.1,0
37.2006,20.5585,4.2,2
-8.7029,118.3755,4.4,0
57.9336,-155.8902,3.2,1
34.7361,97.9925,4.6,0
-30.1841,-177.2413,4.5,0
60.4004,-151.0969,3.3,1
68.1085,-18.5612,4.5,0
-51.4196,139.4795,4.6,0
-41.083,-90.9388,4.9,0
53.6087,-164.7599,3.1,1
52.1809,-168.3199,3.5,1
-41.3593,-16.549,4.7,0
55.9861,-149.2877,3.1,1
-29.6103,-176.6469,4.9,0
32.4874,-39.7177,4.3,0
38.0169,36.4016,4.4,0
-6.1446,149.8816,4.4,2
35.6128333,-117.4165,3.56,1
40.5186667,-124.389,3.31,1
54.7196,163.025,5.4,0
35.6353,26.4443,4.3,0
-43.4555,92.1553,4.6,0
-9.578,155.4911,5.2,0
-7.7261,118.6996,4.7,0
37.7411,78.1831,4.2,0
31.541,-115.6775,3.35,1
84.1825,108.0265,4.5,0
57.7708,-155.9649,4.2,0
32.409,-40.1815,4.7,0
-57.2001,-24.8729,4.6,0
13.7152,121.0102,4.2,2
54.7633,-161.4395,3.1,1
2.3265,-79.1617,4.7,0
36.2453,142.0593,4.5,0
42.2496,143.1803,4.4,0
-29.7055,-176.7779,4.7,0
10.1828,93.6781,4.6,0
53.5463,-35.3958,4.5,0
23.3239,121.4546,4.5,0
-1.9554,99.7862,5.7,0
38.9222,26.0911,3.9,1
-7.1926,155.1742,5.0,2
31.72149605,-104.5170479,3.6,1
-19.9148,-71.3295,4.3,0
-4.2223,102.0942,4.6,2
37.9977,36.4927,4.7,0
24.7895,122.5477,4.2,0
42.8088,77.6959,4.1,0
-16.0717,-173.2584,4.4,2
6.8861,127.2869,4.4,0
5.1603,127.7732,4.2,0
-30.121,-177.5595,4.3,0
-6.0098,142.8909,4.2,0
38.5318333,-119.5535,3.76,1
-31.0159,58.4811,4.8,0
28.8267,87.4455,5.0,0
-53.4197,23.5583,5.8,0
-1.1378,120.8381,4.3,0
-14.935,166.5056,4.4,0
2.8339,127.0001,4.7,2
-4.3158,134.4722,4.4,0
3.1954,126.8369,4.1,2
18.4937,-106.72,4.5,0
-10.8715,166.4942,4.9,0
-10.8757,164.1434,4.5,2
-11.0247,162.2806,5.0,2
55.8541,-155.0956,3.1,1
44.3331,-129.4433,4.9,0
-10.0147,159.798,4.4,0
-18.1736,69.7462,4.6,0
19.1781666666667,-155.507,3.4,1
51.6706,174.6877,3.9,1
37.7518,21.1145,4.3,0
-55.2369,-28.8367,4.3,0
36.0702,69.1575,5.0,0
19.0605,-67.9521666666667,3.33,1
-20.5432,-175.3699,4.8,0
52.3076,-167.9101,4.9,0
-11.8717,-77.1799,3.8,2
-1.0701,137.0767,4.6,0
12.5086,-89.2169,4.6,2
51.0684,-170.0614,3.2,1
11.7663,144.4242,4.5,0
-6.2358,150.6449,5.2,0
50.3804,90.6346,5.5,0
19.1176,-64.7836,3.65,2
-59.65,-26.1621,4.2,2
43.7366,148.7777,4.8,0
-11.4213,166.644,4.4,0
-28.4585,-176.7367,4.1,0
-6.2507,131.0117,4.1,2
-60.0475,-24.1127,4.3,0
-6.4716,149.2996,4.3,2
-58.3454,-24.2862,4.4,0
31.66710223,-104.373035,3.3,1
-13.9584,-72.63,4.2,2
3.3162,-79.1953,4.2,0
-12.7146,-76.7555,4.2,2
22.0535,121.7776,4.4,0
43.9941,148.4444,4.2,0
14.5774,54.8761,4.5,0
54.1417,-35.1402,4.5,0
38.5365,97.2898,5.7,0
-59.7446,-25.967,4.6,2
15.7509,-94.9175,4.1,2
0.9199,126.1494,4.3,0
12.886,-90.9752,4.6,2
-1.5979,134.1792,4.5,2
14.0159,-92.1876,4.1,2
-28.4855,-177.7916,4.4,0
10.4646,94.4605,4.6,0
-5.6388,101.6825,5.0,0
53.131,-168.0689,3.3,1
38.9885,22.0378,4.1,0
7.4576,126.0872,4.5,0
-59.5838,-26.0793,4.6,2
26.9558,126.4888,4.4,0
-3.407,145.5171,6.1,0
45.9119,152.9044,4.1,0
-17.5175,167.284,4.5,0
32.46276855,-102.0410156,3.3,1
-21.4235,-173.8922,4.3,0
-15.088,166.615,4.4,0
17.942,-67.0105,3.04,1
7.772,-82.8081,4.6,0
40.8374,31.2823,4.0,1
19.1473,-67.7298,3.68,1
-48.5791,124.1066,4.6,0
19.1786,-64.9078,3.27,1
-18.4505,-71.4879,4.2,2
37.4633,37.2102,4.8,0
38.1263,141.9171,4.3,2
0.2528,96.7126,4.6,0
2.2106,96.218,4.7,0
29.23736572,-97.47070313,3.5,1
2.8161,-94.8841,4.3,0
-29.2154,-176.6958,4.7,0
39.1299,70.5219,4.1,0
-33.2223,-178.2032,4.4,0
17.2468,120.7959,4.4,0
18.5323333333333,-66.7948333333333,3.17,1
2.8649,126.1296,4.9,2
19.2235,-156.283,3.34,1
19.6848,94.5597,4.6,2
19.322,-64.4375,3.85,1
18.4016,-74.118,4.1,0
-37.1515,-179.9579,5.1,0
19.0983333333333,-68.623,3.37,1
34.7958,32.5434,4.2,0
-8.3087,117.0474,4.0,1
-9.0132,-79.3803,4.7,2
19.3283333333333,-64.8366666666667,3.2,1
-30.815,-177.6821,4.5,0
19.1456666666667,-155.486333333333,3.89,1
18.9211,-65.343,3.17,1
35.0866,25.1286,4.0,1
50.2938,-177.2641,3.3,1
19.3098,-67.3215,3.73,1
-4.8855,145.6976,4.3,0
-30.0282,-71.6587,4.6,0
44.3995,-28.258,5.0,0
-22.0552,170.084,5.2,0
19.1605,-155.4685,3.04,1
51.893,177.6174,4.2,0
-14.9061,166.672,5.2,0
-25.23,-175.3863,4.7,0
34.9107,14.2405,4.7,0
45.5263,150.3116,4.3,2
-28.4897,-176.494,5.4,0
-33.2293,-179.1996,4.0,1
33.1301667,-115.6408333,3.55,1
-57.0344,-23.4822,4.9,0
17.9476,-66.954,3.46,1
19.213,-64.8891,3.28,1
38.0339,36.3096,4.8,0
-28.6797,-176.4753,5.5,0
-0.6917,131.5239,5.2,0
3.3652,126.6133,4.6,2
51.3541,-177.6102,3.2,1
18.9205,-68.7768,3.79,1
51.7951,-176.5147,3.8,1
-1.9874,139.2397,4.5,0
-7.6977,-13.7112,4.6,0
8.7976,-82.7605,4.4,0
-6.32,148.6816,4.2,2
-23.1429,172.3893,5.2,0
-29.0146,-176.248,4.4,0
-29.4562,-176.7882,4.9,0
-10.7127,113.4609,4.0,1
9.6628,121.6639,4.2,0
39.2062,144.297,4.1,0
56.1773,-148.7684,3.6,1
-28.3418,-177.2001,4.3,0
9.1371,93.367,4.5,0
5.7034,94.115,4.1,2
22.1546,120.8245,4.3,0
-3.0535,142.3059,4.6,0
30.5806,50.4151,4.4,0
-59.6936,-26.0904,4.8,2
-15.0941,-173.2002,4.3,0
51.2181,-179.1863,5.3,2
-20.7433,-175.4879,4.7,0
-14.9368,166.7335,4.8,2
-23.1832,171.709,4.3,0
19.3003,-67.5963,3.53,1
27.889,66.1589,4.3,2
24.9134,122.6191,4.4,0
-31.9981,-178.0907,4.4,0
-8.3696,-79.9886,4.9,2
9.3074,126.2594,4.9,2
-37.7394,179.8295,5.2,0
16.6328,147.7679,4.3,0
-4.7719,153.3167,4.3,0
51.3176,-174.2525,3.9,2
-23.5603,-175.602,5.8,0
37.6167,141.6997,4.9,2
19.2195,-64.606,3.57,2
14.267,-92.0618,4.2,2
52.4622,-167.9813,3.1,1
-17.9725,167.7548,4.1,0
19.0938,-66.3516,3.48,1
55.7866,-149.2476,3.3,1
-5.1215,146.3206,4.6,0
51.3148,-178.3019,4.0,2
-59.4152,-25.9128,5.1,2
19.485,-67.5826,3.7,2
-14.0915,-169.4677,3.3,1
28.2033,-43.7074,5.0,0
18.014,-66.7613,3.38,1
25.9374,91.4838,4.2,0
-23.3513,171.4632,4.3,2
55.0539,-157.1399,4.8,2
-59.643,-26.9399,4.3,0
49.4744,155.7967,4.9,2
18.8741666666667,-155.1915,3.17,1
10.0219,126.1289,4.9,2
54.8268,-156.5869,3.5,1
0.2081,96.709,6.0,0
19.221,-67.6906666666667,3.19,1
19.153,-155.369,4.16,2
-17.8133,167.6409,5.9,0
0.9052,126.2584,4.4,0
51.4801,159.8688,4.9,0
41.8708,142.2015,4.9,2
40.4756,-29.3491,5.3,0
19.8128,121.3782,4.5,2
22.5153,121.1025,4.3,0
38.0695,141.4995,4.9,2
38.1543,-117.9365,3.4,1
-59.1355,-17.5621,4.4,0
30.0056,129.8607,4.4,0
19.18,-155.511166666667,3.28,1
64.9408,-173.4372,3.2,1
14.6868,146.6803,4.2,0
23.2582,121.5423,4.2,0
56.0979,-149.5949,3.1,1
-22.4194,170.4677,4.3,0
33.1615,-115.6215,3.34,1
78.119,7.5487,4.3,0
27.7055,-111.72,4.1,0
17.8553333333333,-66.8945,3.25,1
-19.425,-176.3022,4.6,0
-0.2936,-16.7707,4.6,0
53.9865,-35.1668,4.6,0
37.5737,141.8193,4.3,2
33.2096,139.4151,4.2,0
51.4422,-179.2116,4.8,0
-58.7585,-25.5609,4.9,2
-0.1285,125.2476,4.7,2
36.4139,7.1942,4.8,0
-28.2719,-176.7255,4.7,0
3.1621,127.1927,4.7,2
41.578,81.4514,4.0,1
-15.8336,-72.0772,4.8,0
19.0075,-65.7681666666667,3.09,1
18.8776,-67.2548,3.3,1
-30.6689,-71.8123,4.4,0
-57.78,-25.3286,5.3,2
30.1656,131.1,5.1,0
-28.924,-176.7775,4.5,0
20.827,120.2179,4.9,0
-58.86,-25.3159,4.5,2
-41.7596,174.3265,4.3,0
-22.8853,172.2155,4.7,0
14.9237,119.7989,4.6,2
-58.5783,-24.8599,4.9,0
14.5246,119.993,4.9,2
51.4898,175.6011,4.1,2
-30.1978,-177.7742,4.9,0
-4.56,102.6323,5.2,2
9.2559,126.6946,5.6,0
53.1435,-166.7815,3.7,1
55.3025,-157.1905,4.3,0
-29.8152,-177.6116,4.4,2
19.0806,-66.8533,3.68,1
36.2183333,-117.9266667,4.03,0
43.9213,-129.2585,4.4,0
-1.5895,99.3257,4.9,0
-6.425,130.9951,5.0,2
8.244,127.4223,4.4,0
16.5221,-72.0398,4.4,0
24.7869,122.5253,4.2,0
13.6648,119.7175,4.4,0
14.1214,-93.2197,4.5,0
49.3056,155.8794,4.4,2
37.8149,36.7003,4.4,0
44.2961,-129.6716,4.7,0
-29.0882,-176.9661,4.7,0
0.6162,126.1533,4.6,0
14.6335,40.7493,4.6,0
14.4849,123.1486,4.5,0
53.9461,-35.2801,4.6,0
-23.2354,170.8886,4.4,0
-23.4118,-175.2321,4.2,0
19.2423333333333,-155.387333333333,3.7,1
-15.3316,-13.1863,4.9,0
42.0402,23.0061,4.2,0
-8.1099,120.606,4.2,0
35.4497,141.8804,4.1,0
35.455,140.9403,4.6,2
-35.509,178.7381,4.9,0
-49.5753,164.1087,4.1,0
38.3473,38.0806,3.5,1
-60.6809,-19.9798,4.8,0
59.7019,-152.0742,3.6,2
-14.2299,-76.3167,4.6,0
12.0144,143.5379,4.5,2
-0.0089,125.2439,4.5,2
17.9343,-81.6403,4.1,0
-7.5757,121.7252,4.7,0
52.0074,178.2865,3.2,1
-30.7864,-71.4132,4.5,2
31.2197,142.375,4.6,0
0.4767,97.0187,4.9,0
-4.8734,102.9421,5.1,2
-60.38,-25.1716,4.5,0
54.3266,-162.5359,3.5,1
54.6691,-162.7387,3.1,1
-8.5571,105.4141,4.2,0
-4.0052,129.0503,4.1,2
11.7884,144.2842,6.0,0
18.7028333333333,-66.4613333333333,3.43,2
-25.176,-176.6118,4.4,2
36.2408,27.0945,4.2,0
19.1893,-64.9413,3.66,1
-29.5774,-176.8133,4.9,0
0.2571,126.5292,4.6,0
34.2278333,-118.8976667,3.62,0
-2.8556,128.1125,4.5,0
-55.6666,-144.4006,4.7,0
1.3853,126.4206,4.4,2
0.1721,96.6415,4.4,0
54.6614,-161.0613,3.7,2
31.8067,92.8086,4.4,0
-56.4044,-24.8601,4.4,0
42.2591,19.4647,4.1,0
5.827,126.1074,4.5,2
30.2615,94.8136,4.4,2
30.125,130.9762,4.4,2
-14.9164,166.7793,4.4,0
34.8133,135.2084,4.3,0
36.2148,141.9301,4.7,0
39.7221,72.8245,4.3,0
1.8846,97.0042,4.4,2
2.9894,128.1994,4.3,2
19.196,-155.552,3.23,1
36.1777,141.9808,4.8,0
54.6689,-156.9373,3.2,1
-15.172,-72.9996,4.2,0
12.9294,-87.2827,4.3,0
34.8362,23.5141,4.0,2
7.1146,-82.721,4.6,0
51.1636,-173.4334,3.7,1
10.5715,94.5486,4.2,0
54.6515,-160.9861,4.7,2
-29.6881,-176.9808,5.2,0
45.5158333333333,-121.588333333333,3.47,0
50.5967,-172.7565,3.2,1
26.6385,126.5215,4.2,0
44.2829,-129.9993,3.8,1
54.4044,-158.3404,3.4,1
35.9868333,-116.0806667,3.12,1
-14.4813,-176.6066,4.7,0
46.9817,152.9153,4.3,2
-10.5809,121.3449,4.1,0
-30.1989,-177.1828,4.6,0
30.8075,141.9444,4.3,0
38.7511667,-123.0948333,3.59,1
31.8483,92.7896,4.5,0
14.1384,119.2961,5.2,0
30.0634,-113.7657,4.8,0
37.7658,37.4588,4.1,0
-60.2737,-46.4643,4.4,0
-5.1167,103.6804,4.9,2
52.284,-173.2287,3.2,1
12.4693,48.188,4.9,0
8.0207,-38.0506,4.9,0
33.581,81.7365,4.4,0
29.2903,130.5327,4.1,2
52.2579,-169.963,3.8,2
-5.0183,-80.9098,4.3,0
26.8185,126.3833,4.4,0
36.4342,22.0756,4.1,2
30.1537,131.1755,4.7,2
-58.0284,-25.2678,6.0,0
-16.0533,-173.4324,4.6,2
-29.7236,-177.6365,5.1,2
-57.9758,-25.4902,4.6,2
7.3988,-82.737,5.2,0
-6.3317,148.7627,4.5,2
-37.1367,179.5638,4.2,0
54.491,-163.2607,3.8,1
-4.4498,102.805,4.4,2
52.3144,-167.681,4.4,0
53.8452,-35.2266,4.9,0
52.3221,-169.9503,4.0,2
52.0167,-175.0723,3.3,2
39.1237,142.1614,4.3,2
49.7642,89.9239,4.6,0
-28.3997,-177.0442,5.0,0
-11.329,164.1794,4.5,0
-31.6739,-72.0526,3.9,1
38.0547,73.0006,4.4,0
52.1977,-170.4116,3.9,2
-7.3913,154.516,4.5,0
-30.5809,-71.6288,4.5,2
-4.2804,102.1768,4.4,2
0.9141,126.1256,4.9,2
2.1638,129.1669,4.8,0
8.9051,-77.1082,4.6,0
58.1888,-137.9535,3.2,1
19.1683,-64.0463,3.77,1
-18.713,65.2006,4.4,0
-18.1404,168.9678,6.0,0
40.0828,19.7021,4.5,0
31.72027536,-104.5568917,3.2,1
62.4333,-150.5708,3.8,2
8.9611,93.7674,4.5,0
19.7538,-67.63,3.22,1
-28.8276,-176.6471,4.7,0
-23.7443,-175.8408,5.0,0
38.667,42.996,4.3,0
33.4274,75.7158,4.1,0
18.0194,119.8202,4.5,0
10.5187,-86.1566,4.3,2
52.0409,-169.3276,3.2,1
-60.2445,-27.3,4.9,2
-62.3587,-158.7495,4.6,0
19.487,-64.652,3.66,1
-17.2373,-172.4464,4.7,0
42.3044,-126.1807,3.2,1
-49.4965,-114.5705,4.9,0
1.338,125.7094,4.9,2
-29.4379,-176.784,5.1,0
31.64978213,-104.3112617,3.3,1
-22.3128,-174.4285,5.3,0
51.3785,100.3006,4.5,0
-17.0649,167.5651,4.4,0
58.0932,163.4403,4.1,0
-23.0113,171.724,4.6,0
-6.8928,155.0702,4.7,0
43.6811,16.8584,4.9,0
24.0006,142.8891,4.5,2
-30.6642,-177.4879,4.6,0
-22.7696,170.0586,4.5,0
19.0506,-67.71,3.43,2
27.6388,55.9951,4.4,0
53.9724,-35.173,4.6,0
20.3395,-109.2259,5.5,0
29.8231,50.3785,4.2,0
12.3326,121.915,4.5,2
-34.6874,-179.1994,4.6,0
-15.8145,-72.0539,4.9,0
3.4522,-82.7667,4.7,0
-60.633,-51.5113,4.5,0
33.1963,92.0137,5.0,0
-58.8471,-25.1434,4.9,0
31.67793496,-104.4038154,3.9,1
54.9716,-157.6477,3.3,1
-20.6009,-175.5244,4.9,0
19.1283333333333,-66.5978333333333,3.2,1
-60.4494,-27.0376,5.2,0
-56.0344,-121.4114,5.9,0
10.2771,121.9439,4.5,0
54.959,-159.4708,4.3,0
46.8978,-112.66,3.2,1
-30.3517,-72.231,4.7,0
19.0515,-64.9716666666667,3.35,1
13.5184,120.4817,4.8,2
31.1123333,-115.2761667,3.26,1
11.8053,142.3083,4.6,0
-10.3858,161.4508,4.3,2
53.9925,-35.1072,4.5,0
0.0118,124.6601,4.6,0
-9.0654,158.4222,4.7,0
18.1269,-103.3193,4.4,0
4.8508,97.1957,4.5,0
38.537,-119.524,4.24,0
38.0378,37.8354,4.3,0
19.5515,-62.1499,4.3,0
19.3691,-64.3513,3.97,2
38.0706,73.0467,4.3,0
53.0903,-166.8531,3.6,1
-23.743,-64.7287,4.3,2
-56.9476,-24.1601,4.4,2
51.469,-176.0835,3.8,2
-2.8384,129.6458,4.4,0
35.6696,-34.712,4.5,0
2.8283,-79.4273,4.4,0
3.8562,126.7489,4.3,2
7.1697,127.1791,4.0,1
-15.0271,-173.2281,4.5,0
-55.6675,-27.5695,4.6,0
33.9918333,-116.843,3.19,1
39.7247,74.575,4.2,0
13.3447,50.7099,4.2,0
0.4008,126.3902,4.7,0
-23.0558,170.2262,5.1,0
19.6418,-64.5938,3.65,1
4.7994,96.131,4.3,0
33.2885,140.4884,4.4,0
51.5551,-175.8051,3.1,1
54.5073,-159.7965,3.1,1
-30.5221,-179.1536,4.2,0
-5.0021,35.0151,4.5,0
55.8999,113.5555,4.1,0
-57.205,-24.9856,5.1,2
19.2256666666667,-155.398,4.55,2
-7.7878,120.7404,4.4,0
-10.0255,161.0033,4.5,2
-25.5472,70.1442,5.1,0
33.949,-118.2048333,3.26,0
55.6035,162.576,4.5,2
-58.8487,-24.7486,5.0,0
54.1797,-162.8145,3.3,1
42.4764,16.0722,4.6,0
-6.9883,155.8001,4.3,2
85.4705,13.3148,4.9,0
-9.7396,154.4209,4.4,0
-47.1252,-13.4883,4.4,0
-14.0764,-169.4614,3.2,1
3.8631,126.8212,4.6,2
58.2256,-155.1918,4.0,0
18.9193,-68.7221,3.18,2
-22.3739,170.3856,4.7,0
-49.141,127.4322,4.5,0
60.0274,-140.1303,3.4,1
-45.1523,-80.9235,4.1,0
23.1108,121.2811,4.1,0
51.3745,-177.9787,3.6,1
12.7964,49.2049,5.8,0
-22.714,170.8226,4.5,0
53.9705,-35.1821,4.8,0
34.6418,69.3476,4.3,0
-16.0148,179.1306,4.5,0
-5.8412,153.357,4.3,0
14.8914,108.2514,4.4,0
-29.6149,-177.1298,4.8,2
51.1293,-178.1894,3.1,1
-23.1845,170.5515,5.5,0
53.1675,-166.8545,3.1,1
22.1431,144.8203,4.6,2
58.4977,-142.806,3.2,1
-56.5514,-25.3582,4.6,0
34.2067,51.786,4.8,0
53.8647,-166.8166,3.2,1
31.67295312,-104.3924655,3.1,1
18.2091,-67.623,3.17,1
37.9196,78.1123,4.3,0
-23.0941,171.5629,4.5,0
-29.5088,-176.9073,5.1,0
8.3598,126.663,4.4,2
53.135,-166.7867,3.5,1
31.4056,142.1497,4.3,0
51.5173,-173.2581,4.0,2
31.0055,142.2823,4.2,0
-14.1037,-169.4407,3.2,1
-57.3077,-24.7961,4.3,2
6.1173,60.6678,4.2,0
27.9764,88.2153,4.0,1
11.1457,141.6713,4.7,0
-23.7375,-175.7243,4.6,0
31.7709,131.7087,5.0,2
-61.6716,-55.6192,4.4,0
52.0166,-175.3054,3.1,1
-15.2114,166.928,4.6,2
12.5307,143.3642,4.9,0
19.2728333333333,-64.8378333333333,3.31,1
38.6587,14.3447,4.5,0
10.2521,126.4228,4.5,2
-12.8831,166.3007,4.2,0
19.7258,-64.2373,3.82,1
-8.6559,160.3416,4.4,2
44.0898,-129.1848,4.8,0
28.343,-43.5883,4.6,0
-55.039,-127.1075,5.1,0
-14.448,166.8101,5.0,0
-20.8774,-173.7364,4.2,0
-19.8835,-69.9637,4.1,2
18.9618,-65.2195,3.67,1
54.1882,-159.7347,3.1,1
-60.3844,-26.3007,5.3,0
-0.7335,98.591,5.1,0
-60.67,-29.2994,4.5,0
-56.4752,-26.2261,5.1,2
-25.9112,-70.8715,4.0,1
-30.1025,-177.6943,4.3,0
-34.2649,-178.649,4.5,0
-34.4896,-178.8859,4.4,0
72.6649,-95.9574,4.2,0
36.9758,22.0873,3.1,1
54.5676,-156.777,3.4,1
21.4194,146.091,5.1,0
54.7177,161.4539,4.2,2
-62.5792,-158.7594,5.4,0
52.4023,-167.5776,3.9,1
37.4301667,-118.5013333,3.35,1
-25.4497,-176.1161,4.5,0
38.8385,90.4969,4.7,0
56.4096,-148.6147,3.6,1
-22.0507,170.3031,4.4,0
-59.5581,-25.8332,4.5,2
54.3258,-159.684,3.3,1
-12.8068,-14.6775,4.6,0
50.4424,-176.2725,4.5,0
-29.7314,-176.998,5.1,0
18.713,-64.4161,3.13,1
-0.2207,100.0582,4.2,0
9.0009,126.1626,4.5,2
-58.5551,-25.0843,4.7,2
36.84983333,-97.78566667,3.14,1
-1.7176,120.0864,4.6,2
10.4074,125.0937,4.4,0
69.5735,-144.5152,4.3,0
38.4017,14.9648,4.4,0
-27.2053,-176.2183,4.4,0
35.217,141.352,4.3,0
51.7792,-176.4757,4.6,2
-22.0672,-173.7253,4.7,0
43.4,-127.2201,4.6,0
39.2644,144.7819,4.5,0
37.2808,37.0318,4.1,0
54.1649,169.2391,5.3,0
31.1395,142.464,4.5,0
-15.8445,-72.2282,4.5,0
54.6223,-160.1751,3.2,1
-22.7825,170.7932,5.0,0
-23.2794,171.4113,4.4,0
-0.4524,97.7174,4.2,0
-28.71,-176.9015,4.6,0
37.8492,36.67,4.2,0
19.2869,-68.8898,3.6,1
-22.2534,-174.5113,4.3,0
40.2859,142.1924,4.3,2
52.2703,-168.4392,3.3,1
-14.4646,-172.6968,4.3,0
-13.3043,167.2591,4.6,0
40.9894,143.2281,4.1,2
9.7527,125.8107,4.5,0
-14.6642,167.9328,4.4,0
-30.4006,-177.7262,4.4,0
51.3249,-179.536,4.2,2
18.8316666666667,-67.4456666666667,3.22,1
-30.0986,-176.5079,4.5,0
-41.302,-73.8421,4.5,2
51.1535,-179.0939,3.3,1
-39.2948,-74.9122,4.2,0
-20.4219,-174.2047,4.6,2
6.0149,126.9903,4.4,2
11.921,142.2807,5.5,0
-55.635,-26.8819,4.9,0
28.2742,52.6628,4.2,0
2.3875,126.6485,4.3,2
-7.8965,119.0286,4.3,0
-29.6682,-177.2501,5.6,0
-37.5796,51.1794,5.1,0
53.4887,-163.2499,3.2,1
14.2364,-94.0793,4.3,0
-36.7846,-74.0312,4.5,0
11.9678,-87.1331,4.3,2
52.3272,-132.0576,4.2,0
32.7346,47.4777,4.3,0
-33.977,56.1422,4.8,0
36.221,-117.8781667,3.01,1
-29.6088,-176.7518,4.9,0
6.7191,124.8692,4.1,0
-30.6451,-71.3278,4.7,2
35.531,25.8574,4.0,1
56.1179,-149.5621,3.3,1
-9.8502,160.2303,5.0,2
31.52984619,-104.1643245,3.8,1
-23.2642,172.1551,4.6,0
12.5008,-88.8295,4.7,2
2.3089,128.7618,4.9,0
51.1515,90.0381,4.3,0
52.313,-167.5747,3.1,1
-28.7555,-71.8142,4.2,0
18.6925,-66.4543333333333,3.3,1
-6.3031,31.0686,4.5,0
0.1267,125.453,4.1,2
37.2718,-117.5855,3.1,1
69.5449,-145.1349,3.6,1
-6.7044,143.7368,4.2,0
26.786,126.4495,4.2,0
-8.5207,157.2361,4.9,0
-0.7365,133.5832,4.5,0
54.2885,-160.8137,4.0,2
54.6043,-161.1932,3.8,2
6.5642,127.3877,4.4,0
-21.8145,170.198,5.3,0
22.3648,121.4979,4.4,0
12.0257,-87.8878,4.4,2
-58.9846,-16.806,4.8,0
13.0045,57.9513,4.6,0
-3.3037,135.235,4.4,2
-3.5009,68.4717,4.5,0
66.7867,-153.9447,3.1,1
29.7548,50.5448,5.0,0
-15.0524,166.5727,5.7,0
31.65826066,-104.3153668,3.1,1
-59.8821,-26.6424,4.5,2
-31.7117,-72.0425,4.3,0
53.9214,-35.2825,4.4,0
-9.8593,118.6419,4.1,2
53.8687,-35.0759,4.4,0
-2.6844,109.9874,4.3,0
37.2012,-104.7538,3.4,1
39.2237,70.7771,4.2,0
-17.6947,-173.0363,4.9,0
6.653,124.9969,4.5,0
32.5955,-115.2983333,3.13,1
-60.3206,-27.9457,4.6,0
43.4509,-127.0583,3.2,1
10.4599,-86.21,4.4,0
18.9305,-64.3416,4.16,0
-41.4579,-83.3608,5.0,0
22.5129,94.1955,5.1,0
-10.3525,161.0987,5.2,2
-20.4746,-11.6288,4.9,0
15.99,119.5896,5.0,0
44.5547,-129.3664,4.5,0
26.6727,54.2211,4.5,0
54.9422,-157.9483,3.1,1
18.9173,-65.3283,3.51,1
23.1108,121.3586,5.2,0
57.1806,-146.5807,3.1,1
54.6257,-156.831,3.5,1
-59.6426,-25.9205,4.4,2
17.5218,-61.0161,4.5,0
-22.392,174.3924,5.9,0
-10.3911,161.2972,5.3,2
41.1445,143.1013,4.2,2
-7.6952,121.4463,4.2,0
54.3234,-35.6149,4.4,0
-9.9462,148.5726,5.0,0
29.8914,50.6038,4.4,0
31.1392,142.4398,4.6,0
55.7252,-156.5622,3.1,1
-23.0663,170.581,4.5,0
-30.161,-176.3963,5.2,0
54.2952,-153.4679,3.2,1
38.0473,36.4145,4.1,0
-28.2977,-176.5987,5.3,0
52.1085,-171.1539,3.4,1
-0.0894,96.7345,4.0,1
51.3754,175.7372,3.1,1
19.4408,-65.6521,3.42,1
19.1401666666667,-156.197,3.77,2
-29.7808,-71.6477,4.8,2
37.9367,142.0182,4.4,2
38.5401667,-119.5363333,3.19,1
-29.4922,-177.1974,4.6,0
0.2635,126.2823,4.9,2
34.5449,70.7074,4.6,0
-33.897,56.5081,5.0,0
-26.0856,-71.0164,4.4,0
44.2217,-116.2381,3.4,1
32.3102,49.693,5.0,0
27.6947,56.6185,4.3,0
-28.2395,-177.2853,4.4,0
-17.4766,-69.8525,4.4,0
19.5873,-65.7476,3.97,2
38.0391,36.953,4.3,0
-15.1427,-173.2346,4.5,0
48.0501,155.0132,5.1,0
-5.3543,153.4478,4.3,0
-7.8021,-13.2976,4.8,0
31.1699,142.3705,4.3,0
-14.7354,166.5882,4.8,0
-32.6049,-179.2651,4.5,0
40.2614,72.7893,4.4,2
-58.6896,-25.2292,4.6,2
51.7085,-179.2495,3.1,1
-10.8293,161.6804,4.3,2
-59.4993,-29.7443,4.3,0
19.0955,-64.7286,3.42,1
36.5573333,-117.9995,3.49,1
-40.792,-91.5134,4.4,0
-23.3337,170.2809,4.0,1
-29.9674,-177.1241,4.6,0
39.1974,40.1831,4.3,0
23.1115,-44.9393,4.7,0
4.7083,126.2468,4.0,2
36.7108,142.2723,4.1,2
-5.9734,146.7189,4.4,2
-18.7776,-172.7372,4.6,0
51.8955,-171.0521,3.3,1
-37.9264,-73.7078,4.5,0
26.518,130.0054,5.0,0
-22.9456,171.5269,4.4,0
-58.966,-23.6262,5.2,0
-5.508,152.2043,4.3,2
-3.8644,133.4302,4.3,0
18.9358,120.4651,4.2,0
18.79,-65.3805,3.43,1
23.2048,121.4418,4.3,0
-30.4361,-72.0734,4.4,0
-28.9657,-176.8986,4.5,0
53.4915,-165.012,3.3,1
52.2998,-167.8882,4.6,0
-7.3097,155.9281,4.2,2
24.9778,122.5082,4.1,0
-29.9901,-177.487,4.4,2
-9.0651,157.5761,4.9,0
40.908,142.7615,4.0,2
-55.3696,-28.7839,6.0,0
56.3766,-148.3205,3.8,1
18.8923,-67.4948,3.11,1
26.7813,92.4565,6.0,0
43.7806,148.5952,4.6,0
-15.3497,-172.9867,6.8,0
-28.8637,-176.44,5.2,0
55.3698,-157.4292,3.2,1
-17.0419,-173.49,5.6,2
-56.3824,-25.202,4.4,0
10.1236,125.8472,4.4,2
-58.9182,-24.7142,4.3,0
52.6219,-169.0562,3.4,1
19.1553333333333,-155.5055,3.75,1
35.5076667,-118.3885,3.7,1
17.932,-66.904,3.09,1
-3.0579,127.9742,4.0,2
29.7194,51.1719,4.4,0
-58.4664,-24.9857,4.8,2
69.186,-145.8647,3.3,1
31.231,111.3257,4.2,0
54.2732,-159.6378,3.3,1
51.489,179.8302,3.7,2
-52.9457,10.3461,4.7,0
-15.0613,166.6785,4.6,2
36.9072,144.068,4.1,2
12.4626,144.1219,4.1,2
-30.2707,-177.5837,5.1,0
-28.9603,-177.2737,4.6,0
-57.173,-25.2144,4.4,2
17.9526,-67.12,3.11,1
54.7031,-156.8801,3.9,1
24.1042,143.1673,4.3,0
-14.1039,-169.4519,3.1,1
30.1565,32.3957,3.8,1
-1.0367,-12.9402,4.9,0
10.4172,-62.3496,5.1,0
26.6413,129.6052,4.4,0
56.2116,-149.9602,3.3,1
19.5523,-65.7618,3.71,1
-4.3718,133.4858,4.2,0
38.9098,95.5261,5.3,0
12.9782,-88.9521,4.1,2
-10.6644,164.9618,5.3,2
-14.0812,-169.4742,3.2,1
33.1855,141.3712,4.9,0
14.0053,-92.6235,4.2,0
41.729,49.2631,5.3,2
-11.4184,165.5406,4.4,0
17.042,147.2924,4.6,0
19.063,-68.1216,3.7,1
54.6352,-156.837,3.2,1
38.6013,22.9574,4.8,0
38.1581,-118.2498,3.5,1
-11.2806,163.7665,4.4,0
12.2988,-88.4931,4.6,2
63.8764,-150.4107,3.3,1
54.0731,-35.1002,4.5,0
-6.9823,128.6693,4.4,0
-18.4234,120.4944,4.4,0
-23.3066,-174.2498,4.9,0
61.6883,-150.7022,3.4,1
54.4102,-159.7605,3.1,1
56.066,-149.8009,3.5,1
-23.371,171.6711,5.0,0
2.5363,128.9963,4.6,2
-21.4375,-70.5911,4.5,2
-0.91,-80.055,4.6,2
30.8499,56.8872,4.7,0
17.9151,-76.4973,4.6,0
27.5532,56.0105,4.5,0
-59.3463,-18.0583,5.2,0
-16.0311,-74.5063,4.7,0
-29.9581,-177.4328,4.6,0
23.5553,121.3817,4.2,0
38.0934,93.7742,4.4,0
13.0687,-89.9881,4.0,2
-49.0898,105.8274,4.4,0
-7.0523,155.6868,4.4,0
53.9637,-35.5318,4.9,0
-60.112,-25.4971,4.4,0
31.1645,-116.7047,3.3,1
-6.3831,105.3483,5.1,0
-60.3708,-46.2779,4.4,0
-16.8004,179.0022,4.4,0
37.3021,36.8869,4.3,0
37.9312,38.2283,4.1,0
36.1397,142.1001,5.2,0
52.3079,-168.0464,4.2,0
35.4265,91.1933,4.3,0
53.5528,-35.3336,4.6,0
54.5551,-159.734,3.1,1
-3.3739,149.0583,4.2,0
18.484,-66.468,3.09,1
50.4243,-174.7893,3.4,1
55.449,-156.257,3.1,1
-37.7765,179.8298,4.6,0
23.4209,121.5391,4.5,0
33.9519,88.3531,4.5,0
36.4673,142.8207,4.3,0
38.4328,142.3281,4.4,2
-3.674,129.3634,4.2,2
18.8908,-67.6933,3.35,2
23.5533,94.0667,4.3,2
-58.2272,-23.6337,4.4,0
38.116,73.0302,4.2,0
37.3512,37.095,4.8,0
-31.8681,-68.8432,4.4,0
21.1244,99.8603,4.3,0
54.0287,-163.0613,3.4,1
51.9116,172.1728,3.9,1
-8.0304,118.839,4.6,0
-37.3642,-74.2479,4.0,1
62.8263,-25.2205,4.5,0
25.937,143.0309,4.6,0
-58.3887,-25.2881,4.2,2
54.9373,-157.7126,3.1,1
19.155,-64.9288,3.52,1
29.6185,50.5014,4.3,0
19.2955,-64.8053,3.6,1
-56.8832,147.6406,4.5,0
-29.1961,-177.5022,4.6,2
33.5317,71.5687,4.7,2
36.0235,-117.7755,3.12,1
34.5635,82.0503,4.6,0
51.2369,-178.3444,3.5,1
-26.8138,-107.2857,4.7,0
-17.6416,27.4238,4.3,0
-21.0329,-173.9245,5.0,0
23.7341,122.5348,4.4,0
20.054,91.0101,4.5,0
27.9379,128.2317,4.6,0
18.9475,-65.2856666666667,3.32,1
37.1223333,-117.4903333,3.21,1
26.806,141.4023,4.6,2
31.188,142.1941,4.4,0
-38.123,-93.5914,4.2,0
37.6149,141.7635,4.2,2
-30.8474,-177.6422,4.8,0
73.5177,8.0731,4.2,0
2.8356,127.1203,4.4,2
41.4333,20.1996,4.6,0
18.9363333333333,-65.1938333333333,3.19,1
64.0905,-22.5564,4.7,0
24.6803,122.2762,4.3,0
51.8265,-178.0166,3.3,1
-18.0204,167.6371,5.0,0
-60.148,-27.4547,4.5,2
-16.3361,-173.4199,4.8,2
19.2243,-64.794,3.55,1
-15.0157,-176.8068,4.4,0
2.6702,128.4002,4.5,2
-5.2168,131.2412,4.4,2
-24.4746,-115.4484,4.5,0
53.6037,-165.1096,3.5,1
-60.8104,-25.054,4.4,0
-55.6068,-28.166,4.7,2
24.078,-108.4822,4.0,1
46.8724,153.6585,4.9,0
30.6226,132.4145,4.7,0
40.2278,77.1252,4.8,0
27.0889,53.2299,4.4,0
-6.9553,155.7786,4.3,0
-60.4711,-26.8929,5.1,0
-0.1311,125.2068,5.1,2
18.2354,-103.0207,4.9,0
2.2836,-84.494,4.7,0
-2.6008,-12.1107,4.9,0
51.8039,176.9205,3.1,1
-23.3644,171.6371,4.3,0
52.3821,-169.4052,3.7,2
2.5147,94.4497,4.5,0
18.8915,-64.9261,3.71,1
53.6929,-163.2701,4.4,0
56.4782,-157.0289,3.1,1
36.0485,139.7601,4.3,2
10.5119,-62.5656,4.4,0
30.4798,69.9279,4.3,0
60.8752,-138.2596,3.2,1
19.6371,-62.1023,4.6,0
37.5813,77.8283,4.2,0
-48.033,99.4949,6.3,0
-20.1972,169.0236,5.2,2
-6.4429,149.2334,4.2,2
-37.5922,179.6383,4.4,0
-35.106,-71.9398,4.3,2
14.8974,108.2737,4.5,0
31.69122709,-104.4093201,3.2,1
37.9217,38.1144,4.0,1
18.5436666666667,-66.9015,3.37,1
-34.7705,-179.2158,4.3,0
35.5087,-3.8224,4.3,0
18.8465,-155.935333333333,3.35,1
17.9296,-67.1073,3.45,1
29.1432,129.8486,5.1,0
38.8286667,-122.8148333,3.3,1
2.9209,126.913,4.5,2
29.3448,81.1922,4.7,0
10.4691,41.519,4.4,0
34.0779,25.8667,4.3,0
-0.7996,121.8642,4.4,0
51.4207,-178.2203,3.6,1
-19.6768,33.7441,4.6,0
17.9495,-67.032,3.04,1
14.2409,-93.4815,4.2,0
31.17996685,-103.3165901,3.2,1
13.7743,-92.5325,4.6,0
12.7568,49.0733,4.5,0
-5.1835,35.9976,4.2,0
4.8648,94.9848,4.4,2
17.962,-67.0895,3.21,1
14.1923,119.3318,4.9,0
-16.1509,-75.5507,4.6,0
-5.6566,147.4694,4.4,0
8.1558,-82.7092,4.4,0
46.3977,152.6001,4.0,1
-21.3179,-174.0117,4.6,0
-59.5352,-26.0935,4.7,2
61.1388,-151.1684,3.1,1
-58.542,-25.1767,5.8,2
-36.6978,179.9735,4.2,0
-58.7632,-25.4214,4.3,2
18.8347,-74.1594,4.0,1
-30.0814,-177.8008,4.9,2
-56.7512,-25.2144,5.0,0
-17.2563,-174.2262,4.6,2
-60.046,-26.8059,4.0,1
-60.1102,-27.5881,4.6,0
-3.8488,138.9952,4.3,2
-59.9901,-24.2719,4.3,0
-55.7354,147.2928,4.5,0
-23.1518,-174.8672,4.4,0
-29.6212,-176.4515,4.3,0
17.5108,120.7139,4.5,0
41.1578,50.3459,4.0,2
18.9448,-65.2913,3.18,1
-29.8878,-177.3514,4.6,2
20.173,-155.648166666667,3.09,1
-4.51,153.0956,4.9,2
-20.8277,-175.439,4.5,0
-23.8793,69.6206,4.7,0
-23.1909,170.8363,4.8,0
-59.2948,-24.8559,4.7,0
19.2261666666667,-155.4205,3.12,1
-22.9051,-112.1243,4.6,0
-11.7978,116.4945,4.4,0
-15.4514,-172.9942,4.3,2
-59.6585,-26.3215,5.1,2
32.4831,142.6092,4.4,0
-61.6857,160.6479,4.5,0
17.8019,-60.9812,4.6,0
51.4028,-178.4905,3.3,1
-57.1548,-25.4236,4.3,2
-56.6547,-25.0301,5.0,0
-2.0802,-74.4696,4.4,0
19.3751,-67.0741,3.46,1
19.043,-64.7863,3.39,2
2.5854,126.9129,4.4,2
19.5766,-68.8688,3.24,1
19.001,-66.7378,3.16,1
54.6677,-156.8507,3.8,1
-26.5155,-13.7935,4.5,0
3.1319,96.1759,4.5,2
-57.9859,-25.1508,4.9,2
-23.2601,171.7671,4.5,0
-27.9681,-177.5453,4.2,0
19.6527,-109.4567,4.2,0
33.3911,141.0188,4.3,2
42.7583,146.5208,4.7,2
-11.8973,166.3287,4.9,2
43.371,146.9795,4.9,2
18.1105,146.8013,4.4,2
31.60877428,-104.2474539,3.1,1
26.6892,127.4629,4.5,0
12.2296,143.9133,4.1,0
56.5316,-169.4178,3.2,1
7.5797,126.205,4.2,0
33.139,-115.6413333,4.04,0
-29.2435,-177.0723,5.2,2
19.3045,-155.215166666667,3.63,1
17.9335,-67.1001,3.07,1
-3.2851,-12.577,4.5,0
4.0012,126.5596,4.4,0
-15.7322,-72.3577,4.0,1
38.0468,36.4364,4.7,0
38.9631,142.0419,4.3,2
51.3856,178.8104,4.0,2
2.6309,-59.5911,4.4,0
-28.927,-176.7877,4.3,0
2.6517,126.894,4.4,2
-34.8644,179.8138,4.2,0
-58.7321,-25.1167,4.8,0
-59.6753,-25.5063,4.4,0
2.5382,126.4231,4.2,2
-6.2437,103.5474,4.8,2
19.174,-155.506833333333,3.15,1
-53.5702,-134.1846,5.1,0
34.8812,14.153,4.0,1
-29.7502,-177.2011,4.2,0
-26.4394,-175.7162,5.0,0
-15.353,-172.9599,4.8,0
60.7411,-150.5969,3.1,1
-29.782,-177.2072,4.8,0
14.2021,-92.1368,4.6,2
38.117,46.2166,4.0,0
37.9429,36.3225,4.0,1
19.9881,-65.0143,3.8,1
51.675,-174.9076,3.1,1
-15.6885,-173.4814,4.7,0
5.3774,92.6818,4.3,0
19.6173,-70.7705,4.1,0
18.1658333333333,-67.3823333333333,3.3,1
-41.1444,-85.8833,4.4,0
-30.0755,-177.6344,4.3,2
-21.1577,-175.6644,5.6,0
18.0183333333333,-65.377,3.04,1
63.733,-19.1356,4.3,0
11.5465,142.9488,4.7,0
-1.8912,139.0572,4.4,2
33.7635,-115.9373333,3.53,1
19.4521,-68.4048,3.38,1
-5.1,34.9961,4.3,0
-22.8456,-176.1397,4.8,2
-17.5104,-172.6346,4.9,0
27.0985,126.5365,4.3,0
44.2617,-115.1149,3.2,1
44.0247,148.1131,4.5,2
15.4526,145.9954,4.5,2
-32.8601,-69.1927,4.0,1
12.6542,48.1941,4.6,0
-12.2141,65.8532,4.5,0
-32.1769,-177.3019,4.3,0
52.4214,-167.7957,4.8,0
13.9552,-92.9879,4.5,0
37.8628,36.236,4.0,1
56.6383,-169.0865,5.4,0
53.1571,-166.7396,3.7,1
37.3961,37.1506,4.6,0
-57.9165,-23.5685,5.3,0
-2.8977,138.7334,4.8,2
-0.1724,125.208,4.4,2
37.9055,37.4792,4.1,0
2.657,126.6547,4.5,2
26.7099,54.2317,4.0,1
36.7805,140.6959,4.2,2
13.0108,-91.3486,4.3,0
51.8785,-177.9825,3.2,1
61.1914,-150.0217,3.1,1
53.2582,-166.7835,3.4,1
-60.5492,-26.5738,5.5,0
9.3021,126.7295,4.6,0
-60.5199,-24.565,4.5,0
-16.6268,175.9384,4.5,0
52.4002,-170.4184,4.0,2
17.9675,-66.948,3.1,1
34.7316,24.4529,4.5,2
0.038,126.6829,4.4,2
26.8237,126.4578,4.8,0
-26.4392,27.5586,4.4,0
51.9121,-178.1045,3.2,1
-22.0141,-174.4863,5.5,0
50.8906,-178.7717,3.4,1
19.2895,-65.1528,3.7,1
44.5555,6.811,4.1,0
-7.0782,101.6472,4.2,0
-13.1094,166.6574,4.9,2
24.8829,122.5583,4.6,0
19.0325,-64.8551,3.59,1
-28.4939,-178.0445,4.8,0
27.8507,85.7193,4.2,0
36.2383333,-120.8108333,3.02,1
51.9941,-178.159,3.2,1
39.8718,141.9111,4.4,2
51.4144,100.4297,5.1,0
-3.5042,145.2998,4.6,0
18.5596,-68.6895,3.43,1
19.0178,-68.2176,4.06,2
40.858,79.291,4.2,0
-0.5769,126.8228,4.0,2
-9.0975,124.7537,4.5,2
20.8752,144.7484,5.0,0
-40.5671,176.9079,4.4,0
17.9913,-68.937,3.71,1
37.1995,20.9112,4.3,2
28.5166,141.8674,4.4,2
36.7296667,-121.3453333,3.26,1
-8.1655,125.0673,4.0,1
19.0335,-156.229833333333,3.38,1
55.1289,-156.6185,3.4,1
-37.6009,179.9994,4.3,0
16.9061,-86.1829,4.4,2
2.698,126.9894,4.2,2
-57.9326,-25.1186,4.3,0
10.2638,93.9224,5.0,0
43.9067,-129.544,3.9,1
19.1446,-64.6738,3.74,2
-29.199,-177.2744,5.2,2
-23.2869,170.6068,4.3,0
-23.3657,171.6098,4.6,0
-19.6841,170.0428,5.1,0
52.0279,173.9169,3.7,1
-29.0219,-176.0813,4.0,1
52.231,-173.8001,3.2,1
-61.8803,166.7,4.5,0
53.4719,-163.3784,4.6,0
18.2875,-68.497,3.4,1
-29.6705,-177.162,4.9,0
-27.0352,-175.8507,4.5,0
27.0219,54.5843,5.9,0
31.68212359,-104.3957777,3.1,1
54.8386,-160.641,4.5,2
18.648,-66.7385,3.26,1
-57.486,-24.0193,4.7,0
41.3773,-106.7672,3.6,1
21.3192,146.0855,4.3,2
-28.7589,-176.5168,5.3,0
27.6784,56.1235,4.4,0
-17.3758,167.6793,5.6,0
-13.3176,166.7304,5.2,2
-60.8738,-24.7469,4.6,0
37.9019,36.8966,4.1,0
-32.9521,-71.8875,4.4,2
-56.0012,-25.3023,4.7,0
17.7923,-65.087,3.48,1
-53.4676,159.523,4.2,0
-14.0875,-169.4591,3.5,1
13.0974,-91.0212,4.3,0
-14.7663,167.9648,5.3,0
-2.8486,139.8193,4.4,2
54.0412,-35.3056,4.7,0
-25.5675,-176.5609,5.1,2
54.2443,-159.7437,3.4,1
14.1086,119.4051,4.6,0
-4.92,-80.542,4.1,2
-28.674,-71.3107,4.5,2
31.65706908,-104.3605682,3.5,1
17.9451,-66.9383,3.68,1
-6.8087,149.8969,4.4,0
-6.9503,148.4962,4.1,0
0.2863,126.4458,4.6,0
10.6077,125.8894,4.5,2
19.528,-67.3596,3.77,2
6.0089,127.3047,4.6,2
18.8243,99.1277,4.2,0
2.6943,126.9659,4.3,2
-0.5743,122.4631,4.9,0
37.5732,56.6019,4.0,1
18.017,-66.8401666666667,3.05,1
-16.0098,-75.0248,4.4,0
38.6898,20.411,4.2,0
12.0089,143.6562,4.6,0
31.5356667,-115.7515,3.09,1
-32.7077,-177.4135,4.7,0
-57.3658,-25.235,4.8,2
38.498,-119.5448333,3.07,1
17.0064,146.9732,4.4,2
51.6932,-175.2084,4.6,2
39.3552,69.8053,4.3,0
15.07,-104.5754,4.4,0
-58.7992,-24.1658,4.3,0
17.8846666666667,-66.8911666666667,3.03,1
51.7531,176.3759,4.1,2
-22.9186,170.4824,4.2,0
43.8785,13.2942,4.4,0
37.4506,137.2007,4.6,0
5.3241,128.0581,4.1,0
28.2601,57.5922,4.6,0
-20.7856,-175.3988,4.8,0
55.4422,163.1735,4.6,0
28.0386,105.0688,4.2,0
19.0548,-66.6015,3.54,1
33.2095,-115.595,3.18,1
10.1886,125.8759,4.5,0
-9.7893,159.77,4.8,0
52.1727,-169.3609,3.1,1
18.497,-73.3759,4.2,0
-8.79,-109.1973,4.7,0
-60.1371,-25.1111,4.6,0
19.0746,-65.2213,3.67,2
54.0164,-35.371,4.7,0
8.6065,126.8253,4.5,0
19.1496,-95.9011,4.3,0
-44.776,-15.4842,4.8,0
19.2218,-67.746,3.34,1
18.2043333333333,-66.2238333333333,3.25,1
33.4803333,-116.5131667,3.41,1
-14.0498,-169.4647,3.3,1
-6.8502,-72.7043,4.6,0
55.8205,-149.2335,4.4,0
33.1865,-115.6363333,3.06,1
-2.307,138.2204,4.2,0
56.4189,-156.5876,3.2,1
15.6575,-96.2553,4.3,0
-25.8841,70.7665,4.4,0
-5.3583,35.7289,4.4,0
-11.1335,163.2137,4.5,0
36.5642,69.6313,4.5,2
44.3675,149.3134,4.3,2
38.2741,22.1717,4.3,0
-6.3357,147.0905,4.1,2
31.71220509,-104.5896572,3.1,1
2.9043,127.088,5.4,2
10.4457,-63.244,4.3,2
-56.9074,-25.1072,4.3,0
60.3219,-151.1351,3.4,1
-28.4674,-176.589,5.5,0
59.7386,-151.9514,3.2,1
20.5889,120.9442,4.1,0
2.7838,127.1272,4.2,2
-60.1981,-24.3536,4.4,0
11.9099,-88.2159,4.3,0
10.5528,-86.085,4.4,2
13.342,-89.527,5.0,2
17.9126,-68.1575,3.93,2
30.9015,-117.3523333,3.93,1
16.9254,75.7188,4.5,0
-6.0277,147.9364,4.3,0
12.2687,-88.3169,5.2,2
3.2974,126.5105,4.3,2
31.5638333,-115.6906667,3.1,1
-31.8379,-68.806,4.8,0
-24.1379,-175.3565,4.6,0
41.1684,43.937,4.2,0
31.4669,-115.6631,3.7,1
-27.4475,-66.5322,5.0,0
-59.8592,-26.3374,5.2,2
-42.9712,-82.3832,4.9,0
31.6426,50.4038,4.3,0
-38.4737,-93.8546,4.7,0
-13.3508,66.8183,5.0,0
7.256,94.3033,4.5,0
13.2283,-89.5369,4.0,2
44.2612,-129.3797,5.8,0
19.4843,-67.751,3.45,1
35.1992,25.3342,4.4,0
64.1038,-22.2281,4.4,0
-20.8939,-173.8675,4.5,0
-20.5593,-175.6726,4.5,0
31.921,-117.2363333,3.03,1
22.3439,101.684,4.5,0
58.0397,-32.4175,4.6,0
9.9552,126.106,4.6,2
-17.5175,167.284,4.5,0
-14.7608,166.9993,4.4,0
51.8233,176.1284,3.9,1
41.0534,142.0645,4.6,2
23.4317,121.5147,4.3,0
56.331,-149.1854,3.9,1
54.6075,-159.6437,3.9,1
-0.3811,132.0427,4.1,0
-4.8951,102.8909,4.4,2
-59.4225,-25.3218,4.6,0
19.6435,-65.7483333333333,3.3,2
13.6074,122.5819,4.4,0
18.9305,-63.5591,3.76,1
-49.7432,116.3165,4.5,0
-62.3629,-58.4093,4.6,0
80.2443,-1.157,4.2,0
-50.1552,112.6437,5.1,0
5.6587,127.0302,4.5,2
35.1453,35.3142,4.7,0
-14.1107,-169.4548,3.1,1
-7.3954,121.2078,4.6,0
33.097,141.9594,4.6,0
-34.8158,-179.431,4.5,0
38.0322,37.3231,4.1,0
-60.3296,-24.5722,4.3,0
-6.9525,154.8633,4.6,0
3.5828,127.107,4.5,2
-17.2374,167.162,4.3,0
2.7117,126.9991,4.3,2
-22.9192,172.9533,4.9,0
39.8224,141.7168,4.3,2
56.6331,-169.135,4.0,1
29.7996,50.5744,4.5,0
53.4978,-163.5657,3.2,1
37.1274,141.2374,4.5,0
19.043,-67.152,3.91,1
44.283,-129.4036,3.7,1
35.7794,140.899,4.3,2
-8.4848,134.8418,4.8,0
48.3309,154.8431,4.3,2
29.5324,50.3724,4.2,0
-0.9402,98.4892,5.7,0
-54.1578,143.85,4.3,0
29.2909,129.4062,5.2,0
60.074,-140.0185,3.1,1
-2.9313,138.7338,4.1,2
52.3807,-170.3264,4.2,2
40.5461667,-124.3181667,3.18,1
-28.8902,-177.6232,4.6,0
-32.9877,-177.9259,4.6,0
-59.8961,-26.3432,4.9,2
-0.7467,98.8529,4.4,2
-3.2557,139.8693,4.1,2
28.2263,142.9085,4.3,0
44.4992,150.8535,4.6,0
33.6489,141.4957,4.2,0
17.9475,-67.092,3.33,1
-20.6965,-175.5899,4.6,0
-3.5433,143.8151,5.4,0
21.0666,144.658,4.7,0
4.8099,62.5741,4.7,0
51.6685,159.4444,4.2,2
50.8361,176.5383,3.5,1
38.2452,44.0181,4.2,0
-16.8834,-176.9365,4.8,0
3.4965,126.6943,4.2,2
52.1045,-171.7514,3.6,2
36.1686667,-91.1988333,3.14,1
50.9332,-170.1431,3.7,1
53.9137,-35.2336,4.5,0
38.3055,22.056,4.3,0
6.8684,-76.4688,4.4,0
41.4511,142.9168,4.3,2
31.006442,-103.6457569,3.2,1
40.384,-125.2376667,3.58,1
17.9865,-66.8863,3.52,1
-14.0891,-169.4147,3.3,1
51.6101,-175.1571,3.3,1
29.762,-42.8702,5.0,0
-30.9161,-71.5486,4.4,2
54.6249,-156.7079,3.2,1
37.5801,141.3942,4.7,2
37.7571,141.7807,4.7,2
1.4416,-79.5846,4.7,0
24.0311,122.3141,4.5,0
-15.8552,167.1492,4.7,0
55.6052,-156.5761,3.6,1
61.4505,-146.6435,3.2,1
36.9506,35.7349,4.3,0
55.3223,-156.3633,3.5,1
31.77378534,-104.5903393,3.2,1
-7.9297,121.009,4.4,0
18.7316,-67.8028,3.08,2
-4.1986,102.4166,5.1,2
64.4343,-146.7074,3.3,1
-2.2792,138.2089,4.3,2
51.3819,-179.0494,3.4,1
42.1204,83.3565,4.5,0
-31.2544,-178.5743,4.4,0
19.0548,-66.6015,3.54,1
9.8906,126.3663,4.2,2
-30.1163,-177.7386,4.9,2
19.1175,-64.3048,3.86,2
18.5255,-73.3011,4.0,1
-37.6826,51.3092,4.8,0
-37.5949,179.6616,4.2,0
-31.6866,-72.1108,4.3,0
6.518,123.201,4.5,0
-3.5342,151.1115,4.6,0
51.1706,178.8834,3.7,1
16.193,-94.9863,3.8,1
18.9888,-65.024,3.51,1
19.5746,-65.705,3.58,1
37.4411,37.2074,4.2,0
18.9098333333333,-66.8166666666667,3.4,1
-22.9168,171.0451,4.7,0
-58.7471,-25.2421,5.1,2
4.6515,126.0376,4.9,2
-31.262,-178.7706,4.7,0
-11.1735,163.4523,4.3,0
-8.1745,128.9889,4.7,0
16.6889,-91.287,4.4,0
2.7211,127.1358,4.5,2
17.9403,-67.113,3.23,1
-1.6359,139.2425,4.0,1
-9.4448,159.3637,4.2,0
56.359,-149.2233,3.2,1
15.3821,-45.046,4.5,0
-60.4478,-26.9595,4.6,0
56.6497,-156.4305,4.6,2
17.9363333333333,-66.8471666666667,3.05,1
-11.8303,166.5073,5.2,2
54.3699,-159.6515,3.5,1
-21.048,173.5051,5.0,0
-22.453,170.9552,4.9,0
24.0474,-108.9527,5.3,0
-10.3087,118.9772,4.3,0
40.6694,142.7028,4.3,2
-17.6418,167.707,5.5,0
12.1369,-87.7195,4.5,2
39.8169,24.2135,4.5,0
38.0797,37.3193,4.4,0
-14.9704,66.5632,4.5,0
11.5208,122.2836,4.5,0
-14.8392,166.6021,4.5,0
-1.1021,98.9055,4.4,0
-23.0145,172.2893,4.4,0
1.1597,126.8971,4.2,2
-22.2317,170.0665,4.4,0
58.7264,-152.0551,4.1,2
-37.1478,178.7714,4.4,2
37.9334,73.3511,4.1,0
-14.563,166.973,4.4,2
51.5138,-175.2509,3.2,1
-21.4683,-175.3027,4.5,0
-34.4255,-179.2846,4.4,2
2.8401,126.3049,4.2,2
6.501,127.0576,4.7,0
37.7478,141.9925,4.2,2
46.3063,149.9691,4.7,0
2.9893,126.1825,4.6,2
-17.4985,168.0166,4.4,2
51.9485,-170.8727,3.8,1
-55.2119,-27.2134,4.5,0
0.1408,126.2871,4.1,2
40.3277,143.9091,4.4,0
18.9458333333333,-65.0386666666667,3.06,1
46.6956,-27.3813,4.6,0
54.665,-161.2559,3.2,1
-1.0513,-77.9027,4.6,2
62.8677,-25.2668,4.3,0
-5.1711,146.281,5.3,2
44.3368,-129.2869,4.5,0
56.8675,-33.8516,4.1,0
38.5486667,-119.5071667,3.39,1
18.6693,-65.5736,3.17,2
25.1554,127.0627,4.5,0
54.2392,-161.4875,3.2,1
19.184,-66.2371666666667,3.36,1
41.3251,-116.1724,3.4,1
50.9472,-179.8254,3.5,1
-58.3609,-23.5874,4.6,0
19.2105,-155.467666666667,3.34,1
-1.1666,-14.6677,4.7,0
-11.9709,165.9992,4.8,0
30.3923,131.0718,4.8,0
-57.6639,-25.7464,4.6,2
19.0241,-66.625,3.39,1
24.6792,122.2861,4.7,0
0.8462,-79.6219,5.2,2
45.4155,16.2628,4.4,0
19.0571670532227,-155.422164916992,3.12,1
38.1942,-117.8875,3.9,1
44.3052,-128.675,4.1,0
43.9835,84.1571,4.4,0
-27.0875,-175.9633,4.3,0
53.8112,-163.0536,3.3,1
-3.225,145.8221,4.1,0
-23.3058,170.6085,4.6,0
8.8228,126.8539,4.8,0
10.0989,126.1277,4.8,2
-14.9915,166.8065,4.8,2
54.0401,-35.0125,4.5,0
-53.9602,159.1332,4.5,0
41.9874,142.553,4.4,2
-57.7374,-25.381,5.7,0
-29.5345,-176.7584,4.9,0
29.8139,-113.9108,4.7,0
-48.9437,124.4255,4.3,0
-60.2582,-47.0702,4.3,0
-58.5574,-23.0613,4.5,0
-15.0814,-173.2893,4.3,0
-30.2908,-178.2175,4.3,0
7.5542,126.6895,4.6,0
64.0363,-21.6833,4.2,0
-27.0657,-113.1303,5.4,0
19.2466,-65.1123,3.57,1
-1.5103,136.9604,4.6,2
54.7042,-159.932,3.3,1
52.5725,-167.8768,4.0,2
39.5114,23.6109,4.5,0
24.932,122.4581,4.4,0
-28.8299,-177.5176,4.4,0
-17.5011,-173.3231,4.7,2
29.7933,-113.848,4.3,0
38.8221,44.4443,4.2,0
56.2784,-149.3198,3.4,1
19.1343,-66.6611,3.55,1
-58.7992,-24.653,5.1,0
-27.8293,-71.0976,4.8,2
41.8272,81.9648,4.2,0
-17.7088,-74.5254,4.7,0
85.2357,86.1067,4.6,0
15.1248,-94.1211,4.0,2
23.052,125.2898,4.1,0
26.8356,126.5707,4.3,0
27.6205,53.1796,4.5,0
-22.7848,170.4677,4.2,0
18.6525,-67.4371666666667,3.02,1
18.3508,-66.0946,3.28,1
-29.2042,-176.494,4.4,0
35.1452,26.8939,5.1,0
-41.0482,44.2233,5.7,0
65.4156,-153.3409,3.3,1
-22.6143,-174.2522,4.8,0
-3.5293,140.1077,4.5,0
-37.1225,-17.2548,5.6,0
-58.8856,-23.9146,4.3,0
31.6492,131.827,4.5,2
-6.4223,147.6834,4.0,2
-22.7031,69.1148,4.6,0
44.3619,-115.1185,3.1,1
-37.6062,51.1316,4.4,0
11.1924,126.4496,4.6,0
25.2055,96.2774,4.2,0
-52.3386,12.8552,4.4,0
55.0382,-159.3633,3.6,1
-58.8278,-24.9323,4.2,0
15.9284,-95.923,5.0,0
-17.8621,167.8763,4.4,0
-32.9875,-178.583,5.1,0
17.5514,122.281,4.5,0
51.8647,-177.9461,3.5,1
34.9489,14.1932,4.7,0
6.6176,94.5648,5.0,0
51.1112,-174.9683,3.7,1
2.8478,126.5982,4.2,2
-24.7397,16.3144,4.4,0
0.5312,125.5284,5.0,2
45.4227,150.938,4.7,2
-20.1848,-70.5713,4.0,1
40.196,-121.1003333,3.79,1
55.006,163.2598,4.2,0
-30.1224,-177.0345,4.7,0
-29.2729,-176.4585,4.5,0
5.2487,94.4133,4.3,2
-29.9732,-177.1322,4.9,0
-55.9268,-144.4861,4.7,0
4.8251,126.9722,4.5,2
29.2951,129.5271,5.1,0
3.4281,-31.4712,4.9,0
-29.9851,-176.7921,4.6,0
-38.2777,-93.7177,4.6,0
34.831,24.6798,4.8,2
51.4716,179.3578,3.4,2
33.1381667,-115.6388333,3.09,1
-28.549,-177.1004,4.6,0
25.976,128.5766,4.6,0
11.306,-87.0224,4.6,0
28.6722,91.4759,4.5,0
39.8377,27.9827,4.3,0
-23.8771,-174.7618,4.4,0
-1.5683,34.2551,4.8,0
13.4193,146.2488,4.4,0
0.298,96.7281,4.7,0
27.6325,-111.5669,4.2,0
55.5028,-156.6401,3.9,1
54.4525,-159.6856,3.4,1
-58.7248,-25.0876,4.9,2
23.8842,-108.662,5.4,0
-23.1402,171.9023,4.6,0
3.061,126.9892,4.3,2
51.0873,179.5856,3.3,1
51.9605,-172.8171,3.7,2
37.7281667,-122.1356667,3.09,0
69.1117,-53.3723,4.3,0
19.1475,-64.8875,3.81,1
-10.686,162.1365,4.5,0
-6.6535,128.5883,4.6,0
-8.148,120.7994,4.4,0
-36.9681,179.6194,4.4,0
14.4074,123.0199,4.6,0
-5.7426,152.0252,4.2,0
-7.2106,152.6649,5.7,0
20.8876,96.9,4.4,0
-15.597,-172.7525,4.2,0
-0.0155,124.4445,4.5,2
-58.6211,-23.7477,4.5,0
18.9258333333333,-155.5385,3.46,1
-8.3751,128.2797,4.2,0
36.9099,-104.8298,3.3,1
49.3357,82.1192,4.5,0
38.8478333,-122.7471667,3.13,1
-58.0012,-25.5301,4.8,2
-37.7353,179.7946,4.3,0
38.3358333,-113.1005,3.23,1
56.7389,-155.8065,3.5,1
56.1197,-149.2194,3.1,1
19.0711666666667,-64.8178333333333,3.43,1
-0.0451,124.2812,6.0,0
51.6042,-169.434,3.3,1
19.1348,-65.1531,3.66,2
18.189,-67.667,3.3,1
39.7681,22.0881,4.8,0
-6.4304,143.0512,4.5,0
35.6845,-117.4776667,3.1,1
36.8989,22.2557,4.3,0
16.0175,-95.0271,4.3,0
22.317,120.2051,4.4,0
-3.7031,146.0631,4.5,0
37.7948,141.8903,4.6,2
-37.642,179.8222,4.5,0
12.6474,48.5285,4.3,0
-28.2083,-176.5396,5.0,0
-59.0993,-23.3505,4.9,0
-8.9985,67.2019,4.4,0
34.8759,27.6968,4.2,2
-29.4155,-176.9409,4.5,0
-21.4527,-174.0618,4.8,0
37.7478,142.0215,4.2,2
59.1507,-145.897,3.6,1
41.1849,142.3054,4.7,2
-10.3062,166.775,4.5,0
-22.8327,171.6556,6.1,0
-59.2741,-25.7314,4.9,2
56.2576,-148.5819,3.1,1
-3.7704,134.8898,4.2,0
36.1355,141.9289,4.6,2
-3.2153,140.9429,5.2,2
33.8063333,-116.0878333,3.54,1
54.6722,170.7466,4.6,0
36.7444,36.4904,4.5,0
39.7669,73.0306,4.3,0
40.3498333,-124.8993333,4.84,0
-5.4603,132.6425,4.0,2
18.9725,-65.075,3.74,1
30.8442,-115.9623,3.3,1
19.206,-155.428333333333,3.08,1
-31.556,-69.148,4.5,2
34.5523,140.4059,4.5,2
-33.2126,-71.9884,4.3,0
53.835,-35.1886,4.6,0
27.6644,56.0463,4.4,0
52.9012,-167.3676,3.5,1
55.1272,-158.4149,3.2,1
-14.8569,-173.5713,4.5,0
-49.1216,105.2699,4.9,0
-32.1294,-71.9279,4.0,1
44.4758,-129.4611,4.4,0
60.1561,-137.4084,3.3,1
-15.2515,168.186,5.3,0
50.2825,177.9268,3.1,1
26.0161,128.4753,5.9,0
36.8339,140.591,4.2,0
12.2826,141.3648,4.4,2
54.0772,-35.2332,4.6,0
52.0259,-173.2779,4.0,2
27.7448,56.0737,4.3,0
-28.7229,30.8404,4.6,0
25.1223,-109.3145,4.4,0
-2.908,129.4519,4.7,0
-0.134,124.6931,4.2,2
32.2119,-103.0951,3.2,1
37.9972,36.9911,4.3,0
25.1919,128.3415,4.9,0
51.4376,-177.5034,3.6,1
13.5414,94.2712,4.5,0
29.9952,51.1002,4.2,0
-60.1059,-25.3826,4.3,0
-28.7835,-71.6496,4.0,1
32.3503,-16.9067,4.9,0
38.0264,36.6096,4.1,0
0.0779,-17.2253,4.8,0
55.6792,162.4859,4.6,2
3.9818,95.9258,4.9,2
55.4812,166.2384,4.4,0
23.9867,122.3426,4.8,0
-3.4129,99.1467,4.2,0
28.3835,94.4118,5.5,0
18.9105,-68.7995,3.67,1
53.4487,-166.6629,3.1,2
-33.3452,117.0973,4.9,0
-2.5488,140.0085,4.3,0
17.9486666666667,-66.8336666666667,3.26,1
35.9177,60.3935,4.1,0
14.0785,119.4975,4.2,0
52.3064,159.5465,4.3,2
-14.0926,-169.4771,3.7,1
35.244,25.2697,6.0,0
45.1543,153.4905,5.1,0
2.0807,129.0767,4.8,0
29.1546,142.5018,4.5,2
-58.2526,-23.8716,5.0,0
40.3363,143.4936,4.5,0
29.3632,142.365,4.9,0
9.0695,94.2481,4.4,0
-2.7621,-77.1961,5.1,0
7.5356,-36.7739,4.6,0
19.1748,-64.8895,3.51,1
-7.7495,-13.7162,4.8,0
6.8666,124.6218,4.3,0
-3.0258,130.0274,4.4,0
42.3843,-126.2457,3.1,1
-7.8131,118.5799,4.5,0
3.6718,126.8508,5.1,0
24.7477,122.2322,4.6,0
14.2761,119.4606,4.3,0
12.1069,-88.2284,4.5,0
-9.9919,119.3452,4.0,2
-2.895,129.3895,4.7,0
19.0621666666667,-64.8555,3.18,1
-15.3462,-173.1757,4.6,0
44.7244,144.7547,4.4,0
-29.8997,-177.2808,4.4,0
52.3455,-173.2463,3.4,1
-22.9527,170.4765,4.7,0
-8.7481,-80.2239,4.2,0
-20.2116,-11.9587,4.9,0
-56.8661,-25.8103,4.3,2
54.3865,-159.8749,3.2,1
-6.1432,150.288,4.3,2
9.4149,-85.4756,4.5,2
-60.4697,-26.9222,4.6,0
33.2921,141.4124,5.2,0
51.1589,160.8833,4.9,0
10.5666,125.5597,4.6,0
-6.469,142.7984,4.5,0
-19.8839,168.6046,4.4,0
53.9088,-35.524,4.4,0
-49.0518,125.0602,4.3,0
30.3983,132.3772,4.3,0
18.989,-65.2345,3.4,1
31.7679,142.3733,4.3,0
-8.3202,107.1168,4.0,2
-8.7907,67.6317,5.6,0
34.9873,25.1391,4.2,0
14.1403,119.2985,4.4,0
19.4198333333333,-65.2033333333333,3.38,1
-3.5321,145.0609,4.8,0
53.2406,-160.2202,3.1,1
31.68242764,-104.419469,3.2,1
-56.985,-26.1645,4.7,2
41.6507,20.6874,4.2,0
-15.9816,-173.0954,5.0,0
0.4096,126.4989,4.5,0
14.7587,144.4618,4.5,0
51.4112,-178.491,3.7,2
11.2926,-86.8972,4.9,2
11.6329,-87.2564,4.1,2
41.4466,19.996,4.7,0
51.1647,178.7602,3.8,1
38.2081,30.039,4.3,0
12.2958,143.7624,4.4,2
-6.5455,-81.006,4.5,2
-22.275,170.5126,4.3,2
37.528,30.3663,4.3,0
38.8457,37.2766,4.1,0
35.0712,25.1952,4.5,0
-58.0094,-22.8857,4.4,0
38.4873,-117.8415,3.2,1
-58.0379,-24.2872,4.4,0
19.0805,-67.6471,3.22,1
54.9457,-157.3926,4.5,0
4.9757,127.0471,4.1,0
2.9309,95.3897,5.3,0
44.5055,-130.1022,4.0,1
5.5567,126.5134,4.2,2
19.3136,-64.6125,3.95,1
28.9207,86.6701,4.2,0
-0.6387,98.0888,4.0,1
-54.4209,-56.9881,4.5,0
-59.9236,-26.3716,4.6,2
4.0473,126.4755,4.5,0
19.1858,-68.7823,3.1,1
-29.5289,-177.1892,5.2,0
-36.8847,179.9558,4.3,0
31.61293707,-103.971239,3.1,1
32.7048333,-115.5343333,3.16,1
9.5829,125.9985,4.3,2
19.2126,-64.1813,4.3,2
39.7318,71.4883,4.2,0
-60.5455,-24.8989,5.0,0
-37.3147,-73.8199,4.6,0
-10.6581,113.3708,4.2,0
36.4786,27.1703,4.5,0
18.8116666666667,-64.4335,3.35,1
15.5745,-96.7613,4.7,0
-1.6688,29.4184,4.3,0
53.1682,-164.525,3.1,1
44.2159,-129.1662,4.4,0
40.5766,-29.3138,4.7,0
-36.7567,-73.9774,5.1,0
28.67,140.6121,4.5,0
36.4451,27.1903,4.4,0
51.1073,178.9964,3.5,1
37.0889,141.4075,4.6,2
29.5544,50.5344,4.1,0
-17.9674,167.7329,5.0,0
18.2256,-81.7699,4.2,0
46.1408,152.9115,4.7,0
-19.0234,-172.7391,5.2,0
-10.2477,118.7569,4.2,2
44.1496,-129.0834,4.1,0
35.3022,46.0259,5.1,0
-2.1402,141.2066,4.5,0
27.7343,142.9276,4.4,0
-32.0755,-71.7794,4.1,2
-21.4364,170.133,5.1,0
-37.7497,179.6673,4.3,0
-37.0935,179.7873,4.2,0
38.3019,39.0543,4.0,1
-4.7311,133.8442,4.5,0
-2.8026,129.2057,4.9,0
51.9035,105.3635,4.1,0
-8.4486,155.0863,4.4,0
17.9525,-68.3716,3.51,1
38.5393333,-119.5386667,3.57,1
-22.6169,-175.0012,4.6,0
0.1519,96.7107,5.2,0
9.3817,-83.8958,4.5,0
18.8481666666667,-64.6288333333333,3.18,1
24.9902,67.5668,3.9,1
11.4682,-86.8709,4.1,2
11.9367,-87.1371,6.1,0
51.2662,159.7965,4.2,0
72.3859,8.2279,4.1,0
51.7095,177.4764,3.1,1
-28.9753,-176.9347,4.5,0
-14.8417,-75.4273,4.6,2
-31.7608,-72.1265,4.2,0
25.1331,-45.5049,4.4,0
-9.021,109.7511,5.0,2
-1.2405,98.466,4.4,0
-31.2237,-179.009,4.7,0
-23.1342,171.8417,4.9,0
26.5189,54.1745,4.6,0
-23.5141,-175.4856,4.8,2
-11.447,166.3011,4.6,2
17.9621,-66.9486,3.04,1
25.1627,-45.4725,4.5,0
43.8393,148.6868,4.5,0
19.1516666666667,-67.276,3.41,1
29.8117,50.553,4.3,0
33.1086,139.371,4.4,0
-32.7749,-178.6007,4.5,2
19.1938,-64.6816,3.89,1
19.6366,-67.5285,3.89,2
24.4109,123.4189,4.4,0
39.7414,74.0337,4.3,0
44.3141,-129.5482,4.1,0
56.6594,-169.1454,3.1,1
52.3406,-169.9698,3.7,1
-27.1718,-175.8414,5.8,0
26.8595,126.4586,4.9,0
-22.421,-174.5517,5.6,0
53.3835,-164.1514,4.3,2
11.3455,125.8711,4.6,2
18.9856,-65.0121,3.47,1
35.1712,141.2639,4.6,0
-8.8854,106.1036,4.4,0
19.8706,-157.6435,3.2,1
-5.2808,68.6677,5.1,0
-10.529,123.4047,4.3,0
29.9082,95.0011,4.4,0
-2.2313,138.1784,6.2,0
36.6973,5.6209,4.6,0
-5.7713,101.639,4.3,0
21.7038,120.9994,5.3,0
29.6162,101.9744,5.2,0
50.0017,-177.3871,3.9,1
18.2549,-73.6938,4.1,0
-2.9277,142.14,4.5,0
53.9224,-35.444,4.6,0
26.543,126.442,4.7,0
46.3019,152.5124,4.4,0
12.0389,-87.8422,4.3,0
-6.1999,152.0496,4.6,0
33.4688333,-116.443,3.86,0
-55.7976,-26.2928,4.5,0
-33.075,-179.0838,4.4,0
-56.9988,-25.0374,4.4,0
32.3026,91.9309,4.3,0
35.53983333,-96.76016667,3.35,1
19.12,121.2107,4.9,2
43.2401,147.1951,4.1,2
39.1495,70.4301,4.3,0
38.57,-119.4583333,3.26,1
-30.1983,-177.8606,4.8,2
-22.687,169.9268,4.2,0
43.279,-126.9506,3.2,1
19.1483,-67.7433,3.3,1
53.8041,-35.4682,4.5,0
33.9943333,-116.7871667,3.17,1
-30.0724,-177.1096,4.4,0
12.986,-91.08,4.4,0
19.8907,145.9419,4.3,0
31.9847,50.076,4.1,0
-18.3517,124.8027,4.2,0
37.3768,37.0793,4.2,0
25.7687,99.9762,4.3,0
33.1813333,-115.6073333,3.02,1
33.8863333,-118.7026667,3.61,0
-54.2637,-135.5483,4.8,0
36.2312,141.9429,4.6,2
-44.5542,-80.0876,4.2,0
-9.7314,112.952,4.9,2
13.2717,-89.7633,4.0,2
-29.7452,-178.4039,4.3,0
53.3274,-166.2083,3.1,1
38.1723,-117.8226,3.9,1
37.9797,33.9876,5.2,0
-57.7677,-25.7115,4.6,2
-58.714,-24.7526,4.5,0
53.3396,-163.428,3.1,1
19.1511,-66.5423,3.23,1
-15.0697,-173.4343,4.6,0
36.2316,-106.7715,3.7,1
-3.2269,139.7843,4.2,2
50.8321,142.6062,4.2,0
28.8383,142.8358,4.5,0
-20.3734,-71.08,4.1,2
6.6869,126.9624,4.2,0
51.8981,178.3161,4.2,0
79.5464,1.7025,4.3,0
-3.7635,103.68,4.3,0
-33.7816,-179.5343,4.8,2
-55.2831,-31.0744,4.9,0
4.6296,62.357,4.6,0
42.1313,-29.2871,5.1,0
-28.625,-176.5866,4.9,0
18.4802,-106.7449,4.3,0
3.3687,126.5437,4.4,2
1.1403,127.4941,4.4,0
17.982,-67.1541,3.18,1
-22.795,172.1203,4.6,2
-30.0875,-177.395,4.7,0
13.5179,-90.7538,4.1,2
21.823,121.2789,4.3,0
19.214,-155.417166666667,3.02,1
55.2578,-157.3993,4.2,0
-36.5182,-72.6502,4.2,2
29.3947,142.2457,4.6,0
-16.8108,175.2846,5.3,0
19.2761,-67.2798,3.43,1
19.1935,-64.7906,3.59,2
23.9134,122.4519,4.3,0
47.5057,-27.4872,5.0,0
15.0119,-94.3865,4.3,2
-1.0179,-80.3295,4.4,2
30.7102,78.5669,4.6,0
-29.5279,-176.9849,4.4,0
52.666,-32.0748,4.2,0
25.2588,-109.5992,4.6,0
-57.9884,-25.4303,4.5,2
26.6371,54.2492,4.4,0
-23.127,172.0079,4.5,0
-35.7661,-73.5038,4.3,0
-18.453,-177.3943,4.8,0
-6.0106,150.0284,4.7,2
-22.6853,171.3434,4.9,0
0.9187,126.1006,4.3,0
51.7231,174.805,3.4,1
-23.0058,-175.5178,4.6,2
2.3479,126.7295,4.8,2
14.0325,-92.0088,4.2,2
-26.9433,-176.0916,4.6,0
-5.9623,146.656,5.0,2
-31.5717,-177.5425,4.6,0
-60.9422,-25.4991,5.3,0
39.8399,22.0772,4.4,0
-29.2534,-176.8849,4.4,0
23.1685,121.7486,4.5,0
42.9218,13.1128,4.3,0
-5.7048,153.4272,4.2,0
51.6141,-175.2938,3.6,1
51.9191,178.2966,4.5,0
-28.3084,-177.797,4.5,0
19.8016,-68.3598,3.69,1
54.7786,-156.108,3.9,1
55.9322,-149.3342,3.4,1
-2.3975,138.131,4.8,0
-30.1386,-71.5722,4.3,2
-23.5122,-114.809,4.6,0
31.65999792,-104.2930438,3.1,1
-58.5073,-23.1664,4.7,0
-49.9383,106.3721,5.1,0
-2.6319,128.4767,4.2,0
59.1296,-137.966,3.2,1
36.3958,27.0112,5.6,0
-0.4403,-19.8298,4.6,0
23.6937,90.3099,4.3,0
2.0591,128.5892,4.3,2
22.1257,143.3115,4.2,2
15.7397,120.0628,4.1,2
33.3551667,-116.3121667,3.06,1
37.3357,36.8762,4.2,0
-5.9742,146.2399,4.2,2
53.9495,-35.1512,4.5,0
36.7009,36.3794,4.4,0
17.9193333333333,-66.2633333333333,3.01,1
26.7294,126.51,4.6,0
-58.5298,-24.9301,4.5,0
37.3123,-104.4787,4.1,0
23.7895,121.5649,5.5,0
-37.0108,-74.0282,4.3,0
-6.5823,71.2525,4.5,0
25.0595,61.3743,4.1,0
-10.5362,113.448,5.3,0
-22.8719,171.1172,4.6,0
41.4988,19.4656,4.4,0
-2.4667,140.5871,4.6,0
11.6969,-87.3391,4.3,2
52.3759,-167.9798,3.3,1
34.6373,97.9393,4.5,0
34.9341,140.3363,4.6,2
-15.679,-174.6765,4.4,0
20.0975,122.2923,4.2,0
-4.583,100.5838,4.3,0
31.5536667,-115.7113333,3.69,1
26.5794,141.3613,4.6,0
44.3422,-129.7412,4.5,0
-28.6071,-176.7115,5.5,0
-58.7064,-25.2481,4.8,2
-45.6552,-77.5081,4.3,0
19.2165,-64.9261666666667,3.38,1
19.2231666666667,-155.392833333333,3.4,1
-23.222,172.0553,4.7,0
-28.7938,-71.3282,4.2,2
-17.8653,-173.2799,4.6,0
-10.6982,165.8056,4.6,2
-30.4838,59.7638,5.9,0
17.876,-66.8551,3.09,1
-27.4215,73.3455,4.9,0
14.0414,119.2971,4.5,0
28.0367,66.4,4.2,0
19.6275,-65.7343,3.96,2
41.1774,-29.4803,4.4,0
-17.92,-69.2653,4.6,0
17.9413,-67.1006,3.25,1
-58.2044,-25.2725,4.5,2
-60.2284,-24.6902,4.3,0
-56.6395,-26.291,4.5,2
-25.2052,-175.1992,4.8,0
-9.8198,159.6033,7.0,0
38.0152,36.5543,4.4,0
-7.4059,156.0713,4.1,2
11.7039,-89.058,4.2,0
-13.4146,167.2121,4.7,0
-7.1654,149.4746,4.9,0
52.3005,-168.2511,3.6,1
23.9323,121.6806,4.6,0
-9.6597,159.445,5.1,0
19.0065,-64.997,3.3,1
-23.1776,-176.7598,4.6,0
-1.7668,138.3491,4.0,2
-21.501,-173.8111,5.9,0
43.975,-128.9451,3.2,1
31.5017,142.3373,4.6,0
-0.4062,135.1664,4.7,0
12.786,-90.237,4.5,0
18.7411,-67.2961,3.4,2
36.8988,27.6253,4.0,1
33.6342,34.6394,4.4,0
54.9063,162.9642,4.1,0
-30.1196,-177.7871,4.6,0
2.7983,127.0292,4.0,2
-61.6262,-55.0893,4.9,0
42.95,-109.4807,3.1,1
25.7616,125.1949,4.2,0
-36.9963,179.8112,4.5,0
-28.3166,-178.3457,4.4,0
0.9335,126.424,4.2,2
26.9496,55.2369,4.3,0
0.8683,126.4264,4.4,2
12.3216,141.2197,4.2,2
53.4653,-150.1275,3.7,1
26.6399,141.9307,4.5,2
51.2438,100.3996,4.6,0
12.558,47.9369,4.5,0
-40.9125,-85.8061,4.8,0
-28.5718,-177.8956,4.3,0
-15.6036,-75.5366,4.3,0
-9.7878,112.9861,4.2,2
-22.5734,-174.4534,4.3,0
40.2316,142.3856,4.5,2
16.5786,-100.1206,4.0,1
24.5108,121.8314,6.2,2
-57.4,-25.1845,4.4,2
-26.3782,-178.696,4.6,0
63.0556,-151.5969,3.1,1
11.9635,143.7522,4.2,0
-37.2119,-74.106,4.4,0
-8.7014,105.8441,4.2,0
-20.6798,-175.4456,4.9,0
7.7439,124.6387,4.6,0
54.3247,-153.4075,3.3,1
44.2403,-129.8635,3.7,1
-7.8907,106.9672,4.0,2
34.4971,45.6262,4.0,1
31.68872582,-104.2924622,3.1,1
31.48026289,-103.921771,3.2,1
-22.9455,173.0226,5.4,0
-14.8533,168.0858,5.2,0
53.9652,139.8385,4.2,0
17.6703333333333,-65.9548333333333,3.07,1
38.1861,-117.7771,3.5,1
-18.269,120.3895,4.5,0
-27.1996,-71.5656,4.3,0
-42.8557,-16.0022,5.5,0
-9.6259,114.2335,4.4,2
31.72053004,-104.2760161,3.1,1
-28.7954,-176.7533,4.6,0
-29.002,-73.8982,4.2,0
-9.7765,159.5462,4.5,0
13.2087,92.8437,4.5,0
6.7396,127.2997,4.7,0
69.5644,-143.9335,3.1,1
64.003,-22.2567,4.1,0
-3.1935,145.8941,4.9,0
12.6167,-70.9912,4.5,2
-5.6791,102.9252,4.8,2
33.2367,75.8439,4.0,1
-57.8952,-23.6038,4.9,0
41.9272,20.9628,3.2,1
38.9944,26.0436,4.0,1
-59.8188,-25.3746,4.7,0
38.1108,-118.0327,3.2,1
-2.7142,128.9609,4.1,0
1.6917,126.4721,4.3,2
19.1216,-64.6385,3.71,1
-14.0799,-169.4503,3.4,1
-30.6281,-178.033,4.6,2
12.2261,-87.9961,4.5,2
44.1241,-128.9942,3.4,1
50.601,-172.6287,5.1,0
28.3677,53.1721,4.2,0
24.4036,123.5749,4.7,0
-3.8145,152.3045,4.7,0
38.0599,36.6805,4.3,0
24.8795,122.55,4.3,0
22.4445,94.2123,4.5,2
-22.7235,171.338,4.6,0
-22.5428,-174.7414,4.8,0
19.2181666666667,-155.387,3.33,1
38.1349,73.0657,5.1,0
4.4133,96.5263,4.4,0
18.824,-67.3291666666667,3.34,1
-60.6552,-26.8085,4.6,0
56.7109,117.4617,4.4,0
-15.7591,-173.547,4.5,0
38.2511,-118.3624,3.5,1
54.5327,-159.797,3.1,1
18.9306666666667,-66.1796666666667,3.11,1
-20.583,-175.5536,4.5,0
-29.2596,-177.0246,4.9,0
24.7643,122.2545,4.1,0
32.2345,-115.0723333,3.13,1
38.0592,20.1446,4.6,2
21.5314,121.0775,4.5,0
51.4774,-178.9727,3.1,1
-7.651,107.0857,4.8,2
-3.8303,122.683,4.5,0
27.0268,143.4256,4.2,0
-32.3958,-178.0594,4.7,0
-3.6024,130.452,4.6,0
8.6882,93.7196,4.1,0
10.2363,-84.1734,4.8,0
54.0507,-35.202,4.5,0
27.8961,85.5825,4.3,0
18.9798333333333,-65.1863333333333,3.14,1
31.60048117,-103.9857073,3.2,1
31.73241687,-104.5909582,3.1,1
17.9393333333333,-66.9551666666667,3.03,1
51.132,-178.9645,3.6,1
10.8839,91.5252,4.1,0
45.3413,-126.7247,3.1,1
-7.5929,-13.6109,4.5,0
19.1726,-65.0175,3.32,2
51.2485,100.2144,4.6,0
51.8997,178.302,4.3,0
44.4811,-129.669,5.3,0
30.2767,78.1005,3.6,1
-27.7317,-71.1083,5.6,0
3.2236,128.2399,4.2,2
-4.4891,102.732,4.4,2
7.5259,127.4765,4.3,0
14.7986,-94.0768,4.7,2
-29.3071,-176.7709,4.5,0
24.0754,126.6773,4.2,0
-14.0807,-169.4562,3.9,1
2.9116,126.8566,4.6,2
61.3504,-150.1678,4.9,2
37.6558,26.1139,4.0,1
-1.7157,29.2514,4.4,0
51.8302,177.685,4.0,1
60.9654,-147.2882,3.8,1
41.8774,-126.7256,4.3,0
30.0817,-113.7212,5.2,0
28.1105,142.9478,4.8,0
44.2196,-129.1922,3.9,1
-7.7579,-13.6167,4.5,0
17.0382,147.0135,4.7,2
19.3678,-64.8618,3.91,1
33.8976,141.8049,4.5,0
55.8002,162.1713,4.4,2
-59.7976,-26.4957,5.1,2
34.9152,25.0102,4.2,0
-8.9965,-80.1884,4.0,1
51.3936,-175.9312,3.6,1
25.0267,122.641,4.4,0
18.9446666666667,-67.922,3.23,1
16.9367,147.0006,4.5,2
32.2874,101.9176,4.9,0
-21.5788,168.6586,4.4,0
12.7734,123.5064,4.3,0
-6.7009,132.2263,4.5,0
14.7996,147.065,4.2,0
18.9752,122.2427,4.7,2
-12.6518,166.3981,4.5,2
38.1847,38.6102,4.4,0
-22.8288,172.1977,4.4,0
44.0269,-128.0656,4.3,0
55.1016,-158.2373,5.5,0
31.6859408,-104.2972858,3.3,1
32.6989,-104.4516,3.2,1
34.9148,23.2632,4.3,0
8.6438,126.4855,4.2,2
35.6419,140.3552,4.3,2
44.2618,-115.0253,3.1,1
19.4088333333333,-155.238833333333,3.09,1
-10.2778,117.4855,4.5,2
8.7469,127.5341,4.3,0
-22.7921,171.1884,5.2,0
51.3688,178.2519,3.4,1
18.9878,-65.067,3.46,1
32.1077,69.0845,4.0,2
19.0103,-65.1033,4.09,0
37.5213333,-117.971,3.88,1
18.479,121.2436,4.5,2
34.6514,45.35,4.5,0
-0.2956,129.661,4.5,0
53.4844,-165.7072,4.6,2
52.1396,-168.138,3.4,1
53.3183,-35.4672,4.4,0
-33.5724,-178.6337,4.3,2
19.4999,-109.2055,4.5,0
19.4028,-64.583,3.97,2
44.1314,-115.1057,4.0,0
28.2601,57.5922,4.6,0
56.0371,-149.9454,3.2,1
-2.417,68.5335,4.6,0
-20.0963,-174.2257,4.4,0
42.4256,144.8033,4.3,2
-30.6337,-177.2939,4.9,0
0.771,126.8437,4.9,0
24.5605,-46.3334,4.6,0
40.3585,27.0456,4.2,0
33.6348333,-116.7148333,3.42,1
-2.4043,140.7873,4.4,0
-29.3177,-176.8032,4.4,0
43.2314,-126.8153,3.2,1
37.8791,101.2676,4.2,0
-22.802,172.6161,4.4,0
29.7481,51.1246,4.1,0
51.9101,177.5358,3.4,1
-23.4223,171.5641,5.0,0
32.2301,142.469,4.9,0
-23.1763,-175.3225,4.7,0
-15.5037,-173.849,4.4,2
-4.5319,35.1057,4.2,0
10.3251,125.8803,5.1,2
6.5875,127.1527,4.4,0
19.173,-155.500333333333,3.11,1
31.67331461,-104.4075418,3.6,1
-7.9048,104.4863,4.5,0
52.0301,177.129,3.5,1
-23.4221,171.5261,4.9,0
-38.1654,-93.8371,4.4,0
19.2141666666667,-155.416166666667,3.21,1
-2.901,141.38,4.6,0
12.1847,143.6371,4.7,0
18.9675,-68.2036,3.62,1
26.8041,55.2808,4.2,0
-7.7738,-13.5446,4.4,0
26.6737,54.178,4.1,0
51.2274,-115.554,4.1,0
47.3196666666667,-123.202833333333,3.78,2
-11.3287,164.9919,4.8,0
33.886,-116.2578333,3.11,1
68.2415,-144.9388,3.1,1
37.4833,13.1535,4.1,0
17.1532,147.4621,4.5,0
53.4644,-165.2126,3.2,1
51.5402,-176.1828,3.9,2
55.2835,-159.2335,3.4,1
14.1529,-92.9659,4.6,2
35.9093,77.9477,4.1,0
1.0122,126.2287,4.6,0
60.294,-151.3221,3.9,2
-38.1732,-73.7953,4.5,0
-45.7246,-77.7395,4.2,0
-14.7604,166.8762,5.8,0
2.1429,96.2097,4.8,0
55.5064,-149.2594,4.0,1
-1.1702,98.7737,4.3,0
19.2266666666667,-64.5658333333333,3.43,1
38.0585,-115.2581,3.5,1
30.5878,132.4042,4.3,0
34.8432,140.8268,4.3,2
62.4473,-148.8788,3.3,1
-50.2791,112.7371,4.3,0
67.2996,-163.6732,3.3,1
39.2797,20.6114,4.3,0
-23.5291,-175.068,4.3,0
-7.3278,149.7195,4.0,1
-29.7598,18.3284,4.4,0
-11.6835,167.0847,4.5,2
18.5353333333333,-67.5583333333333,3.26,1
68.2299,127.4552,4.0,1
-37.1284,179.6768,4.3,0
41.1763,142.8593,4.6,2
-53.895,-134.5329,5.4,0
10.1636,94.1024,4.2,0
31.0387,142.476,4.5,0
24.1781,126.6475,4.8,0
-28.2043,-177.7628,4.4,0
31.66531969,-104.4002024,4.3,0
38.1193,141.732,4.3,2
20.6417,120.9024,4.7,0
-14.0692,-169.4606,3.4,1
37.8409,141.6481,4.6,2
19.0918,-154.2385,3.2,1
35.5136667,-118.384,3.27,1
40.4491,50.8742,4.3,0
37.535,47.606,4.5,0
19.1853333333333,-155.4715,3.04,1
47.4987,155.9389,4.0,1
-14.9457,-173.2407,4.6,0
53.1796,-166.6884,3.4,1
34.8025,14.2155,4.1,0
31.7278,83.1271,4.3,0
19.2126,-67.4315,3.93,2
-8.301,117.1131,4.8,0
-16.5294,-74.7465,4.1,0
-6.0765,149.1489,4.4,2
19.4716,121.3572,4.4,2
52.2456,-170.5075,3.1,1
54.5849,-161.1517,3.9,2
-31.3527,-64.6845,4.1,0
63.9184,-22.2924,4.3,0
28.2935,93.7808,4.6,0
26.7875,126.2837,4.6,0
2.8039,126.9024,4.4,2
40.4096,20.6264,4.5,0
-1.2685,-24.3991,4.5,0
36.918,-118.0076667,3.15,1
-18.8406,168.0827,4.3,0
55.8996,-156.0596,3.2,1
1.1155,126.3875,4.2,0
27.7095,142.9178,4.6,0
6.0469,-76.8215,4.3,2
23.8146,121.594,4.5,0
53.7342,-35.1444,4.6,0
18.9658,-65.1905,3.65,1
-22.0678,-174.3614,4.9,0
29.8835,-113.8066,4.3,0
-15.3651,-172.6796,4.4,0
-23.6116,171.4787,4.2,0
-3.5253,145.625,4.4,0
0.2906,96.4971,4.8,0
-29.2852,-71.3312,4.3,2
24.7034,122.4006,4.8,0
-17.5833,-69.823,4.4,0
11.7027,144.1156,4.4,0
37.9445,73.5144,4.6,0
-22.6077,171.9413,5.1,0
-57.2763,-25.4636,4.6,2
-23.0013,113.9164,4.5,0
2.6864,126.8087,4.4,2
43.9764,20.8848,3.9,1
-28.1797,-177.6935,5.1,0
35.9065,142.6939,4.5,0
-58.3623,-24.6711,4.7,0
-6.5933,150.3898,4.5,0
-4.856,-78.4254,4.8,0
17.9191666666667,-66.2596666666667,3.3,1
10.6589,-86.4468,4.3,0
24.8454,122.4707,4.3,0
-0.5079,123.4515,4.5,0
-22.6224,171.1157,4.9,0
36.4169,28.8622,4.3,0
44.3923,-129.7175,4.4,0
-0.7598,133.2306,4.9,2
51.7796,-172.7231,3.1,1
-37.7343,-179.8804,4.9,0
18.929,-65.3506666666667,3.15,1
-59.6118,-25.8176,4.3,2
14.4778,-92.8792,4.9,2
57.9895,163.5254,4.0,1
32.5765,47.7332,4.3,0
38.5229,55.5668,4.5,0
-1.5021,126.4178,4.9,0
-15.8799,-72.2021,4.1,0
-60.4409,-26.0975,4.3,0
-11.6561,119.8645,4.2,0
6.2211,127.4295,4.0,1
-28.6351,-177.6477,4.7,0
-28.6425,-176.7112,4.9,0
21.9305,121.2921,5.5,0
5.4399,94.634,4.9,2
19.182,-155.497666666667,3.05,1
36.185,141.8713,4.2,2
12.4445,123.6649,4.5,0
-29.1496,-176.9342,4.5,0
-31.9659,-177.4299,4.3,0
53.4017,-163.7112,3.2,1
32.4329,142.4687,4.3,0
-4.7217,101.7512,5.0,2
37.8244,141.9775,4.3,2
-8.0177,129.8914,4.2,0
2.2161,128.7427,4.7,2
37.897,36.4435,4.3,0
34.377,139.1655,4.9,0
54.5021,-161.0341,3.4,1
3.9648,-71.414,4.9,0
52.8247,-169.8304,3.7,1
19.465,-64.7765,3.55,1
-60.3395,-26.9642,4.4,0
26.5953,54.1246,4.1,0
18.1799,147.6234,4.3,0
18.9318,-64.803,3.41,2
-40.8057,175.5742,3.3,1
34.4304,99.2279,4.0,1
-33.5603,179.6777,4.7,0
36.4204,52.9186,4.5,0
2.9175,127.2949,4.4,2
23.9679,122.3232,4.5,0
-0.171,125.0959,4.6,2
17.9443,-67.1026,3.24,1
-29.7228,-177.2794,8.1,0
43.0912,27.5603,4.6,0
51.1558,-177.5376,3.2,1
-23.836,-175.3984,4.3,0
-29.8602,-176.7719,4.5,0
2.437,95.8553,4.2,2
14.0134,-92.1432,4.9,0
7.5242,-76.9244,4.7,0
19.8182,121.2501,4.4,2
19.2273333333333,-155.393166666667,3.07,1
-23.7473,-175.92,5.0,0
53.3917,-165.6145,3.1,1
-22.5163,173.1643,4.1,0
-59.6586,-25.9265,4.9,2
36.7863,144.8598,4.2,0
38.8916,142.3303,4.4,2
18.3808,-105.9639,4.1,0
-1.4587,127.2641,4.2,0
54.9329,-160.2994,3.4,1
51.6083,-176.2273,3.3,1
-56.6991,147.6358,5.3,0
52.3737,-168.0999,4.1,0
30.5427,-42.1938,4.4,0
18.8003,-67.7178,3.11,1
-29.0425,-176.9428,4.5,0
36.3603,36.1708,4.4,0
19.0361666666667,-65.3565,3.24,1
51.5251,-176.0973,3.2,1
-60.0,-26.645,4.6,2
-59.2653,-24.8849,4.7,0
14.0695,92.8419,4.6,0
-36.6117,-73.71,4.0,2
18.8858333333333,-67.528,3.18,1
-10.7038,165.0508,4.5,0
18.187,-68.4421,3.49,2
18.6958,-67.5031,3.83,1
2.2757,127.962,4.5,0
-33.9644,-72.3473,5.0,0
31.66765593,-104.3943022,3.2,1
4.2475,126.8613,4.2,2
13.1672,93.0378,4.5,2
-3.7342,131.4836,5.0,0
-30.0613,-177.8211,5.3,2
17.0509,147.1362,4.8,0
-32.7361,-179.0088,6.6,0
12.4312,48.2633,4.8,0
54.1071,-35.178,4.6,0
-28.698,-176.5226,4.7,0
19.048,-67.3623,3.45,1
45.9804,145.957,4.7,0
-18.5477,-65.6996,4.5,0
51.0969,-177.8376,3.6,1
35.4553,80.4047,4.3,0
-29.3864,-176.8064,4.6,0
18.8601666666667,-155.5065,3.01,1
31.4882,-41.0171,4.6,0
-0.6985,133.6139,4.3,2
55.3051,109.3773,4.4,0
17.9591,-67.01,3.1,1
-31.7029,-71.9575,4.8,0
19.0345,-65.2415,3.43,1
-2.4736,140.8447,4.5,0
23.2361,120.6215,4.2,0
38.1574,-117.9344,3.3,1
-7.5053,156.1154,4.7,2
9.419,-83.847,3.8,1
1.06,-79.5819,4.5,2
22.2686,120.1755,4.5,0
-29.1298,-177.015,4.6,0
37.5961,141.6489,4.6,2
18.4998,-73.6027,3.8,1
-56.8203,-24.433,4.4,0
-28.0756,-177.5789,4.5,0
-30.0137,-177.2304,4.5,0
26.7285,126.5128,4.3,0
-29.1383,-176.3633,5.0,0
7.4305,-78.572,4.5,0
44.5121,-130.1839,4.4,0
51.5005,179.2771,3.8,2
-3.6397,146.7838,4.1,0
43.0176,-111.6004,3.1,1
0.3396,96.5751,4.3,0
37.362,21.1889,4.2,0
-2.5575,134.307,4.3,0
34.3876,26.4378,4.4,2
56.4828,-152.2612,4.1,0
9.5475,125.8324,4.3,0
32.3065,142.8382,4.4,0
52.0027,-171.0561,3.7,1
32.335,49.7618,5.5,0
17.5252,122.3431,4.2,0
24.866,122.5846,4.4,0
37.6046,141.8953,4.7,2
18.9325,-65.234,3.25,1
39.4407,142.012,4.6,2
36.11333333,-98.029,3.25,1
-37.4538,-93.6397,4.2,0
29.83,-113.7866,4.7,0
2.7019,127.2149,4.1,2
-8.2349,108.5288,4.6,2
51.467,-177.177,3.8,1
2.9486,126.6554,4.4,2
53.6952,-35.2252,4.8,0
-33.592,-179.3036,4.2,2
19.1796666666667,-155.495333333333,3.05,1
37.4215,137.1761,4.8,0
-9.8811,119.0338,4.3,2
18.015,-66.7601666666667,3.03,1
44.1907,-129.2843,5.1,0
-22.5768,171.118,4.5,0
-16.8562,-172.3721,4.7,0
-58.4591,-29.744,5.5,0
-29.3942,-71.3116,4.5,2
-33.9464,-178.6008,4.6,0
10.7582,94.4328,4.1,0
52.5353,-168.304,3.2,1
-5.6916,153.088,4.4,0
51.8579,-173.7814,3.7,1
-15.6636,-71.759,4.5,0
-28.8418,-176.6367,5.0,0
18.903,-64.3606666666667,3.39,1
52.5147,-168.0546,3.1,1
52.0212,177.071,3.3,1
-23.7024,-175.8088,4.4,0
51.4211,-177.4763,3.3,2
-29.4813,-177.3292,4.6,0
32.2432,141.7377,4.6,0
38.1562,38.5195,4.4,0
51.2054,-179.1552,3.1,1
0.5348,130.6564,4.2,0
-28.7434,-176.3111,5.4,0
31.0033,66.7118,4.3,0
71.3618,-3.9951,4.3,0
17.9718333333333,-68.6095,3.59,1
-22.8616,171.6343,5.1,0
-60.1437,-26.3619,4.9,0
-3.6755,101.4584,4.1,2
50.9201,-179.108,4.4,0
54.1724,-35.3194,4.4,0
-9.8391,159.5413,5.3,0
12.5138,144.7628,4.5,0
17.9531,-67.0953,3.21,1
44.5413,-129.7456,3.8,1
35.9335,77.9888,4.3,0
28.7933,130.9095,4.4,0
19.2916,-67.2768,3.24,1
3.9028,126.7607,4.9,2
52.0681,178.2842,3.5,1
-5.4852,153.338,4.2,0
19.1995,-155.435333333333,3.29,1
-57.068,-25.1013,4.4,0
52.2196,-168.1505,3.7,1
-23.2713,170.7467,4.3,0
59.9858,-151.4665,3.1,1
4.0615,128.712,4.5,0
17.3169,120.9935,4.2,0
24.7915,124.8538,4.8,2
-9.3917,107.1744,4.3,0
-33.3306,-179.3888,4.6,2
19.4718333333333,-155.6455,3.23,1
51.6995,175.9593,3.2,1
-29.1103,-176.8215,4.9,0
-58.7049,-24.9973,4.5,2
51.5466,-175.8123,3.4,1
37.0561,141.2274,4.5,2
18.8841666666667,-64.9875,3.15,1
16.6386,-98.8402,5.7,0
52.4748,-167.4474,3.2,1
-6.0997,149.8749,4.9,2
-6.3481,104.8675,4.3,2
2.1964,125.7186,4.2,0
-17.8814,172.8604,4.8,0
-10.7451,166.5074,6.1,0
-2.6248,121.9255,4.5,2
53.1991,-166.7085,3.5,1
54.6343,-159.6768,3.1,1
34.9971667,-118.5206667,3.36,1
35.5941,141.7713,4.4,0
5.7744,124.0656,5.4,0
-32.2263,-177.9789,4.5,0
-5.7253,151.9958,4.6,0
14.7053,54.8516,4.3,0
18.6031,-66.7578,3.25,1
32.88848877,-100.9638196,3.1,1
48.5607,155.4589,4.6,2
63.9594,-21.6364,4.2,0
-26.9846,26.8165,4.8,0
-4.0324,135.8205,4.3,0
33.5663,-38.1987,4.5,0
12.0087,-87.7981,4.5,0
-22.3866,170.3192,4.6,0
-2.1893,104.2108,4.4,0
38.8337,21.2267,4.2,0
-26.8528,-71.1932,5.2,0
38.5456667,-119.4666667,3.41,1
19.2351666666667,-156.3455,3.11,1
-24.6474,-175.7902,5.1,0
55.0996,-157.095,3.4,1
31.60928415,-103.9636918,3.1,1
54.6905,-156.7489,3.1,1
66.0599,-174.126,3.6,1
53.7407,-35.3248,4.6,0
-11.9709,165.9992,4.8,0
40.5483,-29.3131,4.9,0
-5.8854,-80.8696,4.8,2
-14.276,-75.6205,5.5,2
5.7849,-79.7163,4.4,0
-7.516,-13.8138,4.7,0
7.1932,123.5088,4.7,0
39.5117,-29.6853,4.2,0
-5.7422,103.3018,4.5,2
22.4078,121.1728,4.7,0
16.9465,-99.753,7.0,0
-5.7178,151.4255,4.6,2
12.6972,-88.1528,4.1,2
28.398,104.9691,4.3,0
-55.5364,-145.2192,4.5,0
38.6604,75.7027,4.2,0
-58.7489,-25.2379,4.6,2
38.5027,45.0678,5.2,0
-22.646,170.3013,4.4,0
34.6985,23.9544,4.4,2
11.358,125.8113,4.7,0
30.3557,94.7747,5.0,0
46.4251,154.8273,4.2,0
19.221,-155.4165,3.81,1
38.0124,36.4342,4.6,0
19.3556666666667,-67.0873333333333,3.4,1
35.6895,140.7296,4.4,2
-58.8513,-25.589,4.4,2
1.9672,97.9366,5.3,2
35.9542,-34.5877,4.5,0
52.2148,-168.0181,3.1,1
12.2297,-88.0895,4.4,2
-10.2918,161.3687,4.0,2
55.8205,-149.2335,4.4,0
61.6663,-149.9104,3.5,1
24.1381,-108.5638,4.5,0
7.4278,94.4187,4.8,0
38.9412,35.6905,4.1,0
38.9152,70.5612,5.7,0
57.4763,-154.2139,3.6,1
28.4999,83.1015,4.5,0
-28.3394,-177.339,4.5,0
-6.3063,103.6375,4.6,0
-38.1845,-93.8049,4.9,0
18.6735,-67.0148333333333,3.05,1
-5.5284,152.9314,4.7,0
34.6633,25.2259,4.6,0
-4.7612,133.7898,4.1,0
31.0133,142.3174,4.5,0
19.1898333333333,-155.502333333333,3.2,1
38.1072,23.7801,3.1,1
38.908,26.0285,4.8,0
51.4828,176.8329,3.3,1
-29.6427,-177.199,4.9,2
27.8624,142.7323,5.9,0
11.9298,-87.1545,4.4,2
51.5401,-172.9329,3.1,1
54.4275,170.6515,4.0,1
20.3153,146.5576,4.5,0
-31.0829,-71.8205,4.3,0
-37.4076,179.6484,4.6,0
52.2575,-169.7024,3.3,1
-23.0578,170.4579,4.1,0
34.644,80.2097,4.2,0
23.8565,121.5872,4.2,0
41.9275,88.1626,4.8,0
84.2607,-0.1333,5.2,0
-59.9972,-24.7944,4.6,0
19.4561666666667,-155.604166666667,3.15,1
51.2504,87.8765,4.1,0
-7.7674,119.9894,4.4,0
36.5324,36.4568,4.3,0
-58.3827,-23.3459,4.7,0
5.5477,125.2078,4.3,2
63.3074,-167.3664,3.6,1
53.7049,-35.5074,6.0,0
-58.1562,-29.8611,4.5,0
19.1288333333333,-66.5833333333333,3.18,1
54.1613,-159.6914,3.6,1
-31.4787,-177.7977,4.9,0
84.3145,107.0011,4.7,0
-41.2919,85.7062,5.5,0
-23.0974,170.7174,4.8,0
19.5588,-65.3478,3.54,1
52.4172,160.1546,4.3,2
48.7357,-128.9459,4.1,0
18.9985,-65.0943333333333,3.18,1
18.9701666666667,-65.1781666666667,3.39,1
44.0252,142.3651,4.4,0
12.1503,-87.8231,4.6,2
18.969,-65.0263333333333,3.19,1
-0.1037,125.1585,4.4,2
-4.5746,152.9966,4.5,2
-0.9884,-15.8985,4.4,0
-28.5109,-72.524,4.4,0
23.0723,121.205,4.1,0
31.56102374,-104.0914476,3.2,1
56.0362,-149.5856,3.2,1
-3.9748,133.4017,4.4,0
14.0787,119.4017,4.8,0
13.8106,-91.6396,4.3,2
38.3481,141.95,5.6,2
33.1563333,-115.6333333,3.29,1
-14.1115,-169.4622,3.5,1
-23.4089,171.0158,4.4,0
36.1764,35.7977,4.2,0
9.588,-69.2393,4.8,0
24.9057,122.5363,4.2,0
18.8043333333333,-67.3261666666667,3.23,1
-6.5499,104.1423,4.7,2
-15.4313,-172.9496,4.9,0
-59.9209,-28.5678,4.5,0
15.296,96.3568,4.4,0
-6.6558,103.5514,4.3,0
-41.7806,84.906,4.4,0
-62.2941,-58.2234,4.4,0
38.4545,22.0128,4.2,0
34.2781,78.2208,4.8,0
-5.6683,151.962,4.6,0
-19.7392,113.0624,4.4,0
36.2522,141.7617,4.7,0
66.3416,-157.23,3.5,1
46.8625,-112.3669,3.1,1
55.4844,-157.0428,3.3,1
25.0735,125.6836,4.6,0
11.8781,-89.0071,4.3,0
-30.5768,-178.0529,5.2,2
18.3835,-67.4003333333333,3.11,1
11.3034,-86.9547,4.2,0
51.3945,-176.0037,4.2,2
19.2555,-155.395666666667,3.45,1
10.5342,-86.1401,4.9,2
52.8702,-161.242,3.3,1
37.552,78.4905,4.6,0
-2.6524,138.9266,4.9,2
-15.056,166.6459,5.2,0
-15.1985,66.6008,4.4,0
43.9835,-128.9479,3.3,1
20.6103333333333,-155.878666666667,3.43,1
20.3567,122.0841,4.6,0
17.9323333333333,-67.7205,3.39,1
-59.9205,-26.7574,4.6,2
41.035,78.0336,4.3,0
32.3559,101.7873,4.2,0
66.7313,-135.7731,3.8,1
52.4422,-168.4993,3.1,1
-20.5954,-174.8507,5.1,2
-29.2459,-176.5377,4.4,0
17.3828,120.9944,4.8,0
46.7828,153.5934,4.6,0
-1.8324,122.5521,4.7,0
-23.2014,172.0331,4.6,0
-23.7225,171.4456,4.6,0
-57.5329,-24.7122,4.1,0
18.7371666666667,-66.8131666666667,3.02,1
17.9665,-66.8395,3.22,1
53.5662,-35.1729,4.6,0
-31.5395,-177.9009,4.6,2
-53.2628,-46.1074,4.7,0
19.6006,-64.7268,4.15,2
51.6308,176.5238,3.5,1
-6.2941,147.6151,4.5,2
-34.7883,-107.3982,5.0,0
34.5951,98.6124,4.1,0
51.2349,93.23,4.9,0
-28.4806,-177.5973,4.5,0
-27.6296,-177.1003,5.0,0
44.3282,-116.1997,3.1,1
11.4679,138.7871,5.0,0
19.1953333333333,-155.491333333333,3.09,1
-21.4655,-173.8141,4.6,0
18.0925,-64.9678,3.74,1
14.4102,-92.9096,4.3,2
50.3744,90.6758,4.4,0
38.4173,22.1746,4.3,0
46.0645,21.4014,4.7,0
51.3377,-179.2807,3.4,1
19.1836666666667,-64.7046666666667,3.44,1
21.258,146.2399,4.9,0
38.0912,36.433,4.1,0
-58.209,-25.5556,4.6,2
51.621,158.5476,4.9,2
-57.772,-23.1337,4.5,0
-15.7513,-174.9933,5.0,0
-44.6457,-80.1411,4.7,0
-24.0594,-175.6196,4.5,0
36.6227,70.6462,4.8,2
-2.0173,128.2079,4.5,2
38.8151,20.5569,4.1,0
13.6179,125.5511,4.5,0
-0.2326,125.1227,4.7,2
51.8339,-174.4101,3.8,2
53.8994,-35.2815,4.7,0
45.615,152.1687,4.6,0
-20.511,169.3753,4.0,2
34.9362,63.6666,4.9,0
-26.3024,71.7394,4.9,0
35.7091667,-117.5843333,4.58,0
37.9321,38.246,4.3,0
-7.1566,104.0985,4.4,2
44.4621667,-110.3443333,3.63,1
33.3944,139.1999,5.1,0
-28.2797,-177.6619,4.5,0
-16.282,177.95,5.8,0
36.3204,26.9805,4.2,0
-13.9171,-76.6318,4.2,2
35.6786,140.865,4.4,2
11.945,57.8699,5.2,0
-59.7298,-26.3851,4.7,2
23.0986,121.3134,5.6,0
-37.4142,179.5959,4.4,0
50.84,178.1875,3.3,1
32.8427124,-100.9466702,3.3,1
-58.05,-9.8432,5.5,0
19.3319,-108.471,4.0,1
24.1056,142.869,4.6,0
53.1274,-164.4995,3.5,1
-9.1111,125.7147,5.2,0
-24.0015,-71.5704,4.5,0
-16.6504,-177.6454,4.5,0
61.4012,-150.889,3.9,2
55.7199,-149.3019,3.1,1
42.2724,145.1315,4.2,2
5.6719,124.2704,5.2,0
54.2682,-159.6165,3.1,1
33.279,139.2738,4.6,0
0.8269,-28.3531,4.3,0
53.485,-162.8699,3.5,1
44.6389,-129.638,4.4,0
-59.8295,-29.4386,5.6,0
37.4966,37.1888,4.4,0
36.0905,104.0101,4.5,0
-20.392,-173.3842,4.6,0
38.3144,37.5808,4.5,0
25.3995,142.8113,4.3,0
38.512,40.4236,4.2,0
-5.4139,151.692,4.6,2
37.5096,37.116,4.4,0
-60.4927,-27.9432,4.5,0
-6.5677,104.5758,4.5,2
-5.4481,123.1961,4.8,0
37.7175,37.3615,4.3,0
-2.4465,140.7623,4.9,0
54.0971,-35.0739,4.3,0
56.1645,-157.7827,3.4,1
-28.1336,-177.3257,5.0,2
30.0063,-113.8168,4.5,0
11.6897,-87.2095,4.6,2
0.1344,124.5125,4.2,2
-10.6593,166.4121,4.5,0
54.4731,-159.6067,3.7,1
39.5256667,-123.0365,3.91,1
53.156,161.6803,4.6,0
32.7228,142.4665,4.9,0
19.1313,-67.1858,3.09,1
-15.7165,167.226,4.5,2
-35.6283,-179.2027,5.5,2
50.0765,-179.2589,3.1,1
14.3575,122.9823,4.8,0
9.2975,126.3829,4.5,2
39.3194,144.8665,4.3,0
-20.7853,-175.3956,4.7,0
19.3206,-65.85,3.92,1
-29.9975,-177.6248,4.3,2
-6.4469,152.1077,4.4,0
16.8726,147.1814,4.4,2
64.4599,-147.8952,3.3,1
2.8254,127.2766,4.5,2
-0.6614,33.406,4.6,0
17.9426666666667,-66.9631666666667,3.21,1
53.8461,-164.168,3.1,1
-4.539,133.7319,4.1,0
59.9904,-140.1246,3.1,1
19.2668333333333,-155.414666666667,3.31,1
18.6955,-67.5371666666667,3.4,1
2.6156,67.1406,4.2,0
-59.0326,-25.3368,4.4,2
56.2489,-156.5029,3.2,1
17.9403,-66.9483,3.08,1
36.7176,36.4733,4.5,0
14.6721,40.0081,4.0,1
-20.9672,-70.3015,3.9,2
-7.7344,-13.7109,4.6,0
17.9475,-67.0875,3.33,1
4.0767,127.2054,4.2,2
-3.0452,142.2299,4.4,2
67.8533,10.1775,4.4,0
41.4989,142.1589,4.2,2
-33.1781,78.1665,4.5,0
5.5852,126.585,4.9,2
-29.0005,-176.5992,5.0,0
14.2392,-93.0728,4.2,0
-7.5353,-13.792,4.3,0
-17.3902,-69.9106,4.3,0
27.7213,56.0741,4.3,0
52.797,-168.2188,3.2,1
37.6557,141.7382,4.8,2
36.5606,-11.1552,4.5,0
41.891,82.5479,4.3,0
35.3257,23.5568,4.1,0
5.417,94.4083,4.3,2
-17.8641,164.917,4.6,0
-14.0822,-169.4682,3.6,1
38.3583,23.3846,4.1,0
54.5444,-159.6271,3.5,1
-29.4008,-176.9209,4.8,0
-8.21,154.4744,5.2,0
37.7712,37.9141,5.3,0
19.0641666666667,-66.457,3.38,1
-22.5438,-12.265,4.7,0
18.9425,-67.6531,3.5,1
-29.324,-177.3909,4.5,0
19.0518,-67.685,3.8,2
0.8799,92.8215,4.6,0
35.5592,74.8205,5.2,0
-57.4078,-26.6886,4.5,2
25.5796,100.1467,4.2,0
85.2923,88.9434,4.2,0
51.4024,100.4494,4.5,0
-22.6,170.2659,5.5,0
-6.555,-81.0386,4.2,2
-22.5857,-174.583,4.4,0
51.4654,-176.6554,3.8,1
-10.6512,165.216,5.0,2
-56.3673,-123.313,4.9,0
-29.7789,-177.7559,4.6,0
37.363,37.0592,4.0,1
26.7818,126.4019,4.5,0
42.3313,143.0155,5.2,2
52.0645,177.1622,3.6,1
2.2893,129.1298,4.6,0
-20.7451,-175.0622,4.6,0
-58.795,-25.3641,4.2,2
51.7873,-176.4261,3.5,2
3.0223,126.5824,5.2,2
14.1707,119.6299,4.3,0
30.839,51.3651,5.4,0
53.7611,-35.2904,4.4,0
54.2297,-162.5448,3.2,1
-1.1959,98.5697,5.0,0
-30.403,-72.1963,4.4,0
53.9388,-35.0735,4.9,0
38.8412,37.3634,4.2,0
-65.357,-179.7737,5.8,0
36.2269,141.4874,4.4,2
-1.4605,120.1564,4.4,0
54.8862,-156.1865,3.2,1
-41.6717,174.2047,4.5,0
18.9801,-65.2916,3.46,2
38.013,37.7709,4.3,0
53.1024,-163.075,3.9,1
-58.4241,-23.4853,4.6,0
15.3603,-94.7325,4.3,2
-28.112,-178.3448,4.2,0
54.649,-156.6945,3.3,1
17.9518,-67.0985,3.19,1
31.1317,142.2302,4.5,0
-13.9615,166.7197,4.5,2
10.8119,91.5945,4.4,0
50.8817,-179.3417,4.0,1
10.8558,124.3786,4.6,0
36.5258,25.6829,4.3,0
17.9498,-67.0181,3.33,1
11.7188,144.4136,4.9,0
13.9993,119.2532,4.6,0
6.2918,127.3033,5.7,0
7.5186,126.1503,4.3,0
13.1536,-89.2955,4.6,2
33.7644,89.5296,4.2,0
-59.6999,-26.0523,4.6,0
-15.1075,-173.5241,4.1,0
-60.4156,-26.5075,4.3,0
-58.7992,-25.4366,5.8,0
19.1298,-64.8036,3.62,2
53.1531,-166.9662,3.5,1
41.0453333,-123.5105,3.54,1
51.529,-170.538,3.2,1
-28.8669,73.7787,4.7,0
31.9741,104.816,4.4,0
10.3261,94.1081,4.0,1
-64.6439,175.7806,5.1,0
28.9028,86.6245,4.3,2
-3.88,139.909,4.4,2
52.2831,-170.4645,3.1,1
-3.211,68.1876,4.5,0
40.3136667,-124.7245,4.84,0
19.5706,-65.8431,3.79,1
-11.3629,162.0871,4.1,0
12.3099,123.8605,6.1,0
-28.0095,-71.1962,4.3,2
-29.0684,-176.256,4.7,0
19.2383333333333,-155.403666666667,4.33,2
-5.0664,103.3801,4.3,2
-9.2296,125.2271,4.4,0
40.257,143.7456,4.8,0
10.4407,94.2815,4.1,0
50.5739,-172.9412,3.1,1
-53.2211,159.8292,4.0,1
29.0255,142.3598,4.5,0
19.3091,-68.3898,3.65,2
1.7898,96.8816,4.4,0
-29.77,-176.4895,4.4,0
36.8855,36.6006,4.2,0
52.38,-167.8166,3.9,1
17.98,-67.1511,3.13,1
54.6911,-160.9599,3.6,1
-10.4367,120.2777,4.3,2
42.4366,144.1559,4.9,2
44.540333333333336,-122.55083333333332,4.39,0
19.6598,-65.7618,3.89,2
-13.743,174.5274,4.8,0
33.2068333,-115.6465,3.85,1
-6.0077,142.8149,5.2,0
-34.4606,-72.0363,4.5,0
43.5425,-127.2081,3.2,1
-30.2476,-71.5867,4.1,2
7.4372,-71.9324,4.4,2
14.7415,58.0138,4.5,0
-57.7233,-23.6983,4.6,0
-4.9751,151.5165,4.5,2
64.0978,-21.9821,4.1,0
17.9266,-67.1121,3.7,1
44.6936,-27.8165,4.3,0
-17.247,167.7695,5.1,0
-58.6541,-24.9977,4.6,0
-59.7681,-26.0328,4.4,2
38.1339,38.2786,4.1,0
-22.9445,172.3556,4.8,0
17.948,-67.1005,3.34,1
-9.8809,160.4813,4.5,0
-7.5432,126.7669,4.5,0
1.7625,126.4721,4.1,2
61.3397,-149.9691,3.2,1
36.3625,27.1864,4.2,0
-57.0671,-25.8635,4.2,2
67.457,-165.9822,4.3,0
-9.8007,159.5914,4.7,0
37.1767,-3.7454,4.2,0
35.5975,140.2124,4.6,2
7.2127,-77.0842,4.7,2
23.9354,122.5496,4.0,1
0.266,96.6246,4.9,0
37.4978333,-121.8266667,3.22,1
-7.2267,131.7123,4.7,0
17.9571,-67.1045,3.28,1
-17.392,-69.9145,4.9,0
18.965,-65.3521666666667,3.26,2
19.3313,-63.3281,4.4,0
56.2492,-154.3042,3.3,1
35.7692,35.7431,4.3,0
34.4547,22.9504,4.1,2
-60.6737,-20.1812,5.4,0
2.4859,126.7121,4.1,2
11.9114,57.9686,4.8,0
21.685,121.0944,5.0,0
-56.6264,-23.8098,4.7,0
3.0671,127.4254,4.4,2
19.5611,-62.0907,4.6,0
-17.7947,-116.1424,4.5,0
-14.8042,-76.6031,4.3,0
4.0073,122.9354,4.4,0
-23.359,-174.6928,4.9,0
-5.5204,132.4481,4.6,0
18.9616,121.2732,4.4,0
-23.1091,171.681,4.4,0
55.1372,-156.9698,4.3,0
59.885,-146.5302,3.4,1
27.6406,56.1044,4.7,0
51.635,-176.3815,3.8,2
17.9519,-66.9855,3.01,1
17.9468333333333,-67.4393333333333,3.13,1
9.2618,126.6961,5.4,0
-14.968,166.8093,4.8,2
-24.2353,-175.7773,4.9,2
35.3608,141.3662,4.3,0
37.4639,70.0889,4.4,0
-20.5986,-175.4614,4.6,0
40.8272,21.3919,5.5,0
37.868,37.8519,4.3,0
35.5736,140.0705,5.9,2
-43.6792,172.5185,3.2,1
38.1266,73.1869,4.7,2
-9.8391,159.7556,4.6,0
19.3308,-67.2443,3.32,1
-20.8097,-175.3568,4.9,0
18.5926,-102.9308,4.4,2
-23.0294,172.2073,4.3,0
-28.6118,-177.2545,4.7,0
12.9857,-88.8906,4.5,2
-7.5134,105.8582,5.0,2
51.5836,159.8319,4.1,0
36.1568,14.1232,4.5,0
-7.7307,-13.6728,4.9,0
51.6243,-175.6064,3.7,1
54.3524,-34.8139,4.4,0
3.4848,95.6365,4.6,2
-58.7681,-25.2097,5.4,0
44.5437,-28.1976,4.8,0
-10.749,161.5151,4.4,2
-29.6111,-178.3566,4.5,0
-28.6102,-176.5987,4.7,0
-4.4151,132.89,4.5,0
1.5865,128.7106,4.3,2
-14.1785,-77.025,4.5,0
-31.8572,-68.9023,4.8,0
33.3737,141.3645,4.2,0
-28.5356,62.3715,4.6,0
38.3867,23.5246,4.1,0
18.9463,-68.5336,3.44,1
35.8421667,-121.4531667,3.73,1
54.7113,-156.7557,3.9,1
51.9545,-178.123,3.9,1
-28.733,-177.1612,5.1,0
-26.5668,71.2959,4.2,0
44.0871,-129.7024,3.7,1
-3.2619,148.7195,5.1,0
19.0718,-68.8335,3.57,2
-23.1095,171.7879,5.0,0
19.1601666666667,-155.476166666667,3.07,1
45.0814,-27.9625,4.6,0
17.9965,-66.89,3.65,1
18.0088333333333,-66.8206666666667,3.36,1
-54.139,145.7713,5.5,0
36.289,-97.51583333,4.2,0
35.2919,-3.6514,4.9,0
30.3274,70.5179,4.2,0
34.6387,22.1078,4.4,2
37.0844,36.9133,4.2,0
-59.2502,-25.4771,5.2,2
-60.6805,-25.8018,5.0,0
30.8464,-116.3895,4.4,0
-4.3713,151.3213,4.1,0
52.4081,-170.0396,3.2,1
-30.0303,-177.3752,4.7,0
37.9287,36.2781,4.5,0
-30.2307,-177.6279,4.7,0
12.0985,143.8638,4.6,0
-10.9587,111.7241,5.1,0
-2.8147,129.5825,4.4,0
37.3504,142.2019,4.7,2
17.9453,-67.1056,3.2,1
-21.1035,-174.2706,5.5,0
56.1837,-149.6711,3.1,1
-59.9606,160.751,4.3,0
-29.146,-176.8281,4.5,0
-57.0952,-142.1138,4.7,0
-2.63,138.8846,4.6,2
4.4079,127.3507,4.4,2
12.4599,48.2599,5.2,0
-29.6472,-176.8133,5.2,0
17.9313,-67.0818,3.17,1
0.1853,100.1306,4.2,0
-3.3134,136.1527,4.8,0
23.462,121.4312,4.5,0
51.4639,176.6878,3.8,1
-28.3681,-177.6198,4.3,0
-6.0823,142.4252,5.0,0
-3.1577,146.5015,4.7,0
-0.0798,125.2498,5.5,2
38.9061,142.0628,4.3,2
-22.7453,171.8963,4.4,0
35.8923,65.3793,4.8,0
51.6416,-175.2373,4.0,2
43.7664,10.2641,4.3,0
51.617,-173.7718,4.2,2
19.2616,-64.6288,3.68,1
-50.3719,139.3416,4.7,0
-55.238,-35.8182,4.5,0
-30.3645,-176.3979,4.7,0
-61.8135,-55.4515,4.9,0
38.0338,141.8633,4.2,2
-56.3881,-25.4351,4.9,0
4.2703,126.8427,4.1,2
-35.0268,-110.1797,4.6,0
20.211,146.2083,4.7,2
11.5916,-87.4781,4.1,0
32.6903,47.4869,4.1,0
44.2931,149.4328,4.6,2
-3.6675,149.3342,4.5,0
55.6398,162.7385,4.2,2
-30.4982,-177.6443,4.8,2
-7.0761,106.0265,5.0,2
-59.6891,-29.6423,4.4,0
31.9075,-116.7616667,4.29,0
9.1934,-69.994,4.3,0
24.2523,126.0953,4.5,0
31.0953,142.3001,4.4,0
0.7547,126.2807,4.1,2
16.7268,-100.3115,4.2,0
37.8259,37.4436,4.8,0
54.572,161.499,4.2,2
23.7502,122.0522,4.3,2
29.9832,141.8327,4.7,0
36.6708333,-121.3173333,3.73,1
-37.9058,-68.5824,4.3,0
17.2803,146.8646,4.5,2
36.938,-121.4398333,3.16,1
-9.9023,159.6903,4.5,0
18.3031,-68.4233,3.75,1
37.9324,26.6869,4.1,0
-33.5281,-179.1498,5.3,0
-32.2856,-178.2488,4.4,0
43.6656,11.284,3.5,1
18.9503,-65.3441,3.43,1
51.3972,-175.5637,3.3,1
18.5064,-103.3322,4.3,2
23.2868,-108.6355,4.3,0
16.7549,-100.1983,4.3,0
53.8878,-35.3066,4.9,0
18.794,-67.2446,3.1,1
-9.0781,67.3083,4.4,0
11.2057,-86.5728,4.8,2
-19.0165,-172.5816,4.6,0
17.4893333333333,-67.829,3.07,1
-37.4403,-179.8261,4.5,0
-31.7064,-178.1685,4.5,0
51.1031,-179.1105,3.3,1
-5.8288,152.416,4.7,0
44.7894,-126.3392,3.4,1
-15.586,-172.4165,4.3,0
-5.4601,151.2662,4.2,0
-29.7829,-176.5042,4.7,0
17.8213,-67.0336,3.01,1
-55.9508,-26.4121,4.6,2
31.92901611,-102.3314834,3.4,1
51.2186,-179.2667,4.3,2
17.8666,-65.926,3.45,1
5.6481,-77.8548,4.4,0
3.448,-74.7357,4.4,2
-23.2082,171.1431,4.8,0
-28.3622,-177.3635,4.6,0
-20.8249,-175.3476,4.6,0
44.1223,-128.856,3.7,1
65.8152,-37.5494,4.5,0
53.2461,-167.0904,3.2,1
-33.343,-71.6982,4.3,2
46.1466,-27.3115,4.3,0
-3.5622,129.0913,5.1,2
17.9716,-66.9955,3.38,1
44.9646,14.7077,4.7,0
0.1599,-16.9871,5.4,0
61.8601,-150.5553,3.7,2
36.9219,47.1552,3.9,1
55.1581,-157.8243,3.1,1
36.0916,68.9086,4.4,2
55.3064,163.097,4.2,2
56.3858,117.6671,4.8,0
37.1967,142.4328,4.5,2
55.3377,162.5708,4.2,2
-28.8983,-176.6099,6.2,0
28.081,105.231,4.8,0
44.5389,-115.2536,3.1,1
36.655,-116.2676,3.5,1
28.1667,104.8484,4.2,0
-8.329,-80.6133,4.4,0
-9.8967,118.7829,4.4,2
-58.3501,-23.2582,4.8,0
-59.6658,-26.0022,4.3,2
13.7309,56.9425,4.2,0
27.318,54.35,4.1,0
-30.4981,133.8849,4.3,0
-7.3715,106.6916,4.5,2
70.4322,-15.1917,5.4,0
42.1175,-123.82866666666666,3.22,1
-11.3186,164.0002,5.0,0
52.6725,-31.8772,4.3,0
20.9577,144.8427,4.7,0
4.5754,62.6074,4.5,0
32.2746,49.3612,4.4,0
34.9494,25.0787,4.1,0
30.5894,132.4054,4.3,0
52.0837,-169.4062,3.9,1
36.0017,139.8716,4.4,2
-23.3613,171.0983,4.6,0
-28.9357,75.1295,4.9,0
38.514,-119.5486667,3.19,1
38.3987,22.0833,4.5,0
1.4662,-100.8862,4.7,0
-37.5133,-179.7556,4.6,0
-20.2668,66.5124,4.3,0
14.842,144.1918,4.6,0
-8.404,127.883,4.7,0
17.9325,-67.1038,3.1,1
23.099,121.2371,4.8,0
47.469,-27.5389,4.9,0
-60.7956,154.1393,6.6,0
-10.4897,118.8576,4.3,0
-29.877,-177.1807,4.7,0
-32.909,-178.0578,4.1,0
55.3384,-157.9024,3.2,1
71.4356,-4.0208,4.9,0
29.3519,129.1662,4.9,0
31.69370137,-104.4513412,3.5,1
38.0909,73.2536,4.2,2
-23.3739,171.9019,5.0,0
42.7883,146.291,4.6,2
17.9433,-65.3881,3.06,1
19.2346666666667,-64.8018333333333,3.27,1
30.9813,142.4286,4.1,0
-15.0698,-176.0605,4.4,0
53.0575,-167.0949,3.1,1
-1.614,120.2491,5.5,2
19.069,-67.1516,3.05,1
37.6463,60.3201,4.1,0
-2.9963,137.9138,4.4,2
36.8907,141.9864,4.5,2
-26.9138,-71.2468,4.5,0
35.1083333,-119.0065,3.13,1
55.1192,-157.67,3.3,1
2.7931,96.0551,4.4,2
-28.1085,-177.2598,4.5,2
-6.3347,151.6106,4.7,0
34.2243,45.5326,4.0,1
51.3197,178.4965,4.5,2
-15.7587,167.5107,4.3,2
40.2787,34.4398,4.0,0
53.374,-35.3867,4.7,0
10.4048,94.2584,4.4,0
55.5163,-155.9731,3.2,1
53.5874,-164.5632,3.2,1
-5.8975,151.8312,4.6,0
18.8412,147.057,4.5,0
18.7466666666667,-67.1776666666667,3.21,1
-30.399,-177.5245,5.0,2
-5.7455,101.8629,4.4,0
18.9258,-65.241,3.48,1
18.7498,-68.3301,3.73,2
51.8214,-177.9565,4.1,0
60.7802,-44.0195,4.5,0
35.8904,140.1358,4.6,2
41.1186,143.2022,4.7,2
8.8628,94.0564,5.3,0
50.7647,-173.6919,3.2,1
17.4223,120.7906,4.9,0
61.5336,-149.9386,3.3,1
51.6283,-174.7516,3.7,1
19.3633,-64.3978,3.83,1
40.2978333,-124.626,5.65,0
18.9513333333333,-65.1876666666667,3.39,1
53.3303,-160.3701,3.5,1
10.3184,122.038,4.7,0
31.5388333,-115.6795,4.18,0
31.8349,94.2256,4.4,0
43.2819,82.8022,4.3,0
-59.6483,-26.279,5.3,2
-29.4105,-176.6928,5.2,0
-21.7469,-173.5109,4.3,0
38.209,141.7501,4.5,2
36.5768,36.4539,4.3,0
-38.8102,175.9149,5.3,0
31.4497,21.2857,4.0,1
-22.7418,170.7757,4.3,0
24.8507,-109.1013,4.3,0
31.504,-115.6405,3.24,1
-28.5206,-177.0529,4.5,0
10.3775,125.1232,4.5,0
-14.9506,166.7923,5.0,0
24.8969,122.4453,4.4,0
37.7371,26.0792,5.1,0
38.54,-119.4678333,3.32,1
-38.013,176.6942,4.1,0
-60.0266,-26.3973,4.7,2
41.6365,-127.5738,3.3,1
23.9729,122.3377,4.9,2
-21.9392,173.2782,4.7,0
44.3166,-115.2102,3.5,1
44.294,-129.606,3.8,1
39.6609,22.2357,4.9,0
-55.4811,-29.5956,5.2,0
-17.8524,-176.5144,4.6,0
13.2576,144.9622,4.5,2
12.1799,144.2239,4.8,0
13.208,-89.8797,4.5,2
-34.2206,-71.6465,4.3,2
37.7501667,-122.1575,3.35,0
-15.4256,166.4599,4.6,0
37.289,58.8939,5.1,0
5.6047,126.5823,4.6,2
22.0375,120.2437,5.0,0
22.2318,146.6154,5.1,0
51.1772,179.5939,3.8,1
-4.5419,144.8563,4.5,0
3.943,-71.3508,4.4,0
54.5699,-161.0235,4.7,2
54.3649,-161.432,3.1,1
55.9252,-153.4762,3.7,2
55.8893,113.742,4.0,1
-32.4638,-72.0398,4.4,0
36.5501667,-121.1141667,3.62,1
-57.9837,-25.3422,5.0,2
-30.0329,-177.466,4.6,0
31.3116,141.8153,4.3,0
36.007,139.8559,4.5,2
26.7651,126.4352,4.3,0
-32.2548,-177.9145,4.3,0
31.8528,130.7914,4.5,0
28.0137,92.2097,4.6,2
51.9016,171.4782,4.1,0
22.1226,121.5681,4.6,0
36.9255,-121.6631667,3.25,1
53.791,-164.8814,3.1,1
28.1076,52.1553,4.4,0
13.355,145.577,4.9,2
19.1804,-68.9618,3.7,1
0.5158,126.3366,4.9,2
64.9799,-164.4204,3.8,1
-23.5854,-175.6946,4.6,2
-29.9937,-177.4231,4.6,0
-17.3465,167.8863,4.4,0
43.956,148.4977,4.4,0
-0.379,132.564,4.6,2
-11.2174,166.1147,4.5,2
-60.2497,-26.199,4.3,0
-45.024,-15.2071,4.6,0
-29.2287,-176.5626,4.4,0
0.2129,96.8579,4.3,0
-3.562,68.5795,4.7,0
-14.1343,-75.7026,4.5,2
-58.144,-24.977,4.7,0
-59.4635,-25.7283,4.9,2
-6.6588,101.5062,4.0,1
-41.4488,-86.9263,4.9,0
-56.5739,-25.7663,5.9,0
-31.3988,-178.286,4.6,2
39.7457,22.1311,4.6,0
-57.2722,-24.8572,4.6,0
2.6652,128.8334,4.3,2
33.142,-115.639,3.88,1
-28.9953,-177.2697,4.6,2
-28.8426,-176.9716,5.2,0
19.1276666666667,-67.1681666666667,3.12,1
18.6693,-64.7546,3.56,2
64.5011,-152.5659,3.9,1
36.0927,35.8637,4.5,0
14.4822,56.2988,5.5,0
-9.975,159.6467,4.4,0
-4.777,153.1835,4.0,2
64.1571,-148.5016,3.8,1
-13.2352,167.8596,5.1,0
1.9966,128.3354,4.4,2
-32.0108,-178.485,4.4,0
-61.3736,156.8053,4.4,0
-32.0914,-178.1902,4.5,0
8.1945,-77.57,4.5,0
-59.1034,-25.6305,4.3,2
54.8231,-158.242,3.4,1
-5.4438,102.676,4.5,2
-9.0308,112.995,4.4,2
17.5176666666667,-65.791,3.04,1
-56.3908,-26.0935,4.5,2
12.8765,95.4751,4.6,0
19.9966,-65.258,3.71,1
18.1625,-67.7706,3.23,2
10.3617,126.2172,4.2,2
-22.8596,-174.9278,5.0,0
12.1575,46.9584,4.6,0
16.813,-99.4678,4.3,0
29.2691,130.3861,4.0,2
0.2994,126.3239,4.4,2
-30.0132,-65.3136,4.5,0
-16.4225,178.0237,5.4,0
22.1059,120.2357,5.0,0
15.002,-60.5687,4.5,2
18.4552,-102.9561,7.6,0
51.8992,-174.2551,3.4,1
-9.158,-74.8122,5.0,0
40.7197,82.9628,4.5,0
-58.1306,-24.1796,4.2,0
-58.815,-24.8274,5.3,0
42.0409,42.7475,4.7,0
-60.4546,-24.8641,4.6,0
12.0159,143.4809,4.6,2
-28.4383,-178.0589,4.5,0
63.6088,-147.4669,3.3,1
52.0707,-159.6228,3.3,1
-56.5304,-143.7625,5.7,0
0.2443,126.4466,4.8,2
22.4535,95.9084,4.8,0
51.3239,-177.1279,4.0,2
-59.8705,-25.3974,4.6,0
-59.6396,-26.1068,4.6,2
55.1485,-154.8799,3.9,1
15.2354,-94.7648,4.1,0
-16.8179,-172.4572,4.7,0
-30.4631,-178.9324,4.4,0
39.5797,20.5803,4.3,0
14.9361,121.7177,4.6,0
-57.2697,-25.5499,5.0,2
53.8588,-131.5868,3.8,1
-29.095,-176.36,4.7,0
51.083,-179.8928,3.9,2
-2.8413,139.3994,4.0,1
42.1119,144.0278,4.3,0
-55.5007,-28.3657,4.5,2
-32.6746,-179.0897,4.5,0
38.5533333,-119.4293333,3.07,1
12.1365,144.0073,4.5,0
-34.3367,-179.0628,4.5,0
-32.9363,-178.4574,5.0,0
21.0825,144.408,5.2,0
-16.9518,-177.0279,4.5,0
61.1304,-150.8408,3.1,1
19.5368,-65.7323,3.74,1
51.7967,-171.4864,3.9,2
31.8815,-116.9846667,3.21,1
-18.0483,168.1716,4.7,0
-31.8532,-178.6841,4.4,2
43.3546,148.8342,4.3,0
-36.3361,179.6548,4.5,2
-15.8044,-172.6647,4.8,0
18.5456,-70.4288,4.2,0
-3.2114,100.1976,5.8,0
18.6868,-102.8157,4.7,2
51.5928,-175.8396,3.5,1
36.5073,137.7686,4.3,0
37.7035,141.7326,4.2,2
-29.0431,-71.6938,4.3,2
-6.8166,155.0301,4.6,0
51.3154,-179.4521,3.6,1
-4.6199,133.1516,4.7,0
23.9286,122.3375,4.4,0
21.7031,121.0439,5.7,0
-17.4717,167.6675,5.5,0
17.9698333333333,-66.9828333333333,3.1,1
31.1622,142.3432,4.3,0
-14.1299,-169.4726,3.4,1
-28.2393,-177.7339,5.7,0
43.6918,-28.9617,5.4,0
32.3533333,-115.3018333,3.45,1
-29.6078,-177.0683,4.9,0
8.4863,-77.031,4.4,2
19.2061,-64.802,3.58,1
-23.4189,171.5713,4.6,0
19.3093,-64.9026,3.62,1
28.4898,83.1553,4.6,0
-29.4893,-176.4504,4.8,0
55.1035,-157.1804,3.2,1
51.1413,-178.4751,3.1,1
12.6761,-88.3544,4.2,2
-30.3909,-177.1597,4.6,0
0.729,126.2939,4.8,2
17.6939,120.9795,4.1,0
51.9597,174.5756,3.3,1
-8.7353,-80.9861,5.0,0
37.8831,37.7147,4.5,0
18.8465,-155.2155,3.42,1
-27.7791,-178.478,4.7,0
32.521,76.6552,4.5,0
25.5571,-109.6688,4.3,0
-2.7513,-79.5186,4.8,2
-23.5514,-175.6836,4.7,0
-59.2814,-24.8623,4.3,0
-23.2374,172.4334,4.5,0
44.3233,-129.3383,3.5,1
10.2429,94.1027,4.8,0
21.6789,121.0619,4.2,0
-39.7825,46.2494,4.6,0
6.7124,127.3789,4.3,0
-23.3084,171.9404,4.6,0
7.7552,126.946,4.6,2
-7.8986,38.0125,4.3,0
49.0299,-128.4935,4.0,1
-6.4711,104.3709,4.4,2
19.0631,-66.8555,3.14,1
-59.0922,-25.6077,5.1,2
-52.4828,26.4469,4.6,0
-22.9824,170.3244,4.1,0
-7.1155,154.5904,4.5,0
-28.5074,-177.8624,4.2,0
19.0926,-64.8685,3.61,1
-7.0422,105.2063,5.4,0
-60.6878,-26.0022,4.6,0
53.9927,-156.5335,3.3,1
-58.3118,-23.4971,4.3,0
17.9565,-66.8686,3.13,1
0.2918,126.2872,4.9,0
54.4287,-161.3145,3.2,1
0.8787,-28.8002,4.8,0
-23.3701,171.7283,4.9,0
-5.4405,104.6491,4.6,2
28.278,67.2063,3.9,1
36.5415,-98.9615,3.14,1
37.5046,137.3115,5.1,0
44.1456,-129.2907,4.0,1
-58.8885,-23.919,5.9,0
27.7925,143.0259,5.0,0
53.4135,-162.6494,3.3,1
-5.3006,34.964,4.6,0
35.7086,28.4965,5.9,0
37.2868333,-121.6576667,3.1,1
55.241,-157.3344,4.0,2
-22.8668,171.8453,4.5,0
19.2906,-69.8457,4.0,1
-58.3626,-23.6615,4.7,0
19.2083333333333,-155.3725,3.26,1
-28.9612,-175.6533,4.4,0
37.0273,30.6936,3.1,1
38.0953,36.6525,4.4,0
34.7508,-112.4326,3.8,0
0.3314,96.7486,4.2,0
17.9568,-66.9473,3.69,1
3.7481,94.3699,4.2,2
57.4164,-33.2571,5.3,0
39.4746,71.5566,4.4,0
36.1575,-118.071,3.47,1
24.5731,124.9373,4.4,2
-3.7784,140.5658,4.4,2
-55.7305,-27.0087,5.2,2
-49.7314,109.9732,4.9,0
-62.1319,-56.8573,4.6,0
-49.0953,121.3642,4.6,0
-23.9487,-175.0544,4.5,0
55.4424,-156.7129,4.2,2
-21.8233,169.1902,4.8,0
-7.2617,105.9667,5.2,2
38.0197,38.3054,4.1,0
36.9921,36.6832,5.6,0
83.348,115.8766,4.3,0
-6.5367,143.1102,4.4,0
-28.5795,-177.3775,4.1,0
33.5931,72.8907,4.4,2
-56.2977,-25.0181,4.5,0
51.9739,178.2143,3.4,1
27.7306,128.5065,4.2,2
-29.7016,-176.2145,4.6,0
19.8218,-75.4727,3.8,1
12.6288,47.9576,4.6,0
31.6076,73.0214,4.4,0
53.674,-162.8276,3.1,1
54.4504,-162.2125,3.1,1
33.9131,135.3376,4.0,2
23.9797,-109.0111,4.2,0
-6.7715,131.3913,5.0,0
-57.3619,-25.6929,4.5,2
36.1158,36.3017,4.2,0
-42.4349,-83.5103,5.1,0
37.8385,141.793,4.4,2
19.3286,-64.0921,3.92,2
67.1466,-169.2678,3.1,1
-22.7097,169.9408,4.4,0
11.3434,-76.105,3.9,1
-24.4094,-175.1771,4.4,0
-29.7066,60.408,4.4,0
61.6972,-150.706,3.1,1
2.2295,-78.9499,4.4,0
5.4829,-82.6553,4.6,0
31.71526584,-104.5509138,4.6,0
-30.4845,-177.2167,5.0,0
-29.641,-176.9765,4.7,2
-25.4764,-176.1729,4.6,0
14.4291,144.157,4.4,0
54.0884,-159.4176,3.2,1
-28.6048,-177.0966,4.7,0
32.6676,47.3048,4.3,0
51.0938,-178.17,3.5,1
39.5731,75.0746,4.2,2
56.6645,-169.0631,3.8,1
-58.6997,-25.412,5.1,2
19.342,-70.6473,4.0,2
-14.1172,-169.4731,3.5,1
36.6276,4.7018,3.8,1
-4.6852,101.9672,4.8,2
17.4476,94.2503,5.2,0
29.6736,51.7369,4.8,0
53.9232,-164.0178,3.1,1
23.0917,121.4823,4.5,0
40.485,-124.7696667,3.5,1
54.5363,163.3397,4.4,0
-30.0355,-177.3903,4.4,0
51.7437,143.1074,4.1,0
14.0755,-92.6707,4.6,0
-22.0596,170.8108,4.4,0
24.8762,128.0167,4.1,0
52.3428,-167.6702,4.0,1
51.4466,-177.0331,3.1,1
27.2968,142.7927,4.4,0
50.275,-29.0797,4.5,0
-30.4169,-177.8607,4.4,0
10.0362,126.3367,4.9,2
-8.8714,157.8972,5.0,0
44.055,-129.4921,4.3,0
28.4777,-43.6423,5.8,0
43.7617,84.4369,4.4,0
-1.2154,120.7692,4.5,0
-20.1355,-12.0859,4.9,0
14.8953,147.4039,4.6,0
18.8226,-64.4181,3.8,1
26.6531,54.2387,4.9,0
-28.971,-176.5844,4.4,0
33.7477,141.7963,4.2,0
24.8691,93.6502,4.4,2
41.9665,144.7814,5.3,0
17.95,-66.9778333333333,3.07,1
42.9904,146.0617,4.5,0
13.4748,119.2556,4.0,1
-30.4232,-176.7521,5.1,0
31.15497923,-103.2390292,3.1,1
-14.9922,166.9158,5.0,2
18.0213333333333,-66.7508333333333,3.07,1
-15.6013,-13.3391,4.6,0
44.4339,-128.5997,3.3,1
10.3333,126.1144,4.3,2
33.3161667,-116.3506667,3.27,1
10.3578,126.6098,4.5,0
19.4968333333333,-155.724166666667,3.18,1
28.8566,130.879,4.4,0
27.1702,143.4804,4.4,0
18.9298,-67.6331,3.07,1
-4.8199,133.4325,4.2,0
36.6209,141.5568,4.1,2
23.8122,65.3033,4.2,0
17.5782,-101.7647,4.2,0
44.9906,-27.9859,5.4,0
-14.7566,166.8525,4.9,0
18.6241,-65.2246,3.53,1
51.9458,-171.1386,4.8,2
-61.631,-55.1005,4.9,0
-28.7467,-176.1769,5.1,0
3.0781,126.7467,5.1,2
40.4475,-124.2841667,3.76,1
-12.2708,166.0953,4.7,0
33.0391667,-116.3538333,3.54,1
38.3475,142.2681,4.6,2
-23.4841,172.527,4.5,0
38.0487,36.6395,4.2,0
-19.0771,167.6452,5.2,0
29.8075,50.5453,4.6,0
45.5804,150.9206,4.4,2
50.9609,179.5612,3.2,1
-28.7709,-71.605,4.2,0
7.4027,125.4989,4.2,2
18.7856,-66.4751,3.02,1
-24.8359,-112.1279,5.5,0
18.8673,-64.3225,3.94,1
-28.5209,-176.418,4.6,0
13.9351,119.4044,4.5,0
18.6655,-64.3353333333333,3.43,2
-7.6738,148.2099,4.3,2
59.8694,-151.6043,3.2,1
19.1731,-64.6421,3.61,1
28.1978,105.1393,4.2,2
46.117,152.7774,4.5,0
-15.9097,-72.0234,4.7,0
-23.0061,170.3857,4.4,0
19.2676666666667,-68.2215,3.43,1
14.072,118.9545,4.4,0
-31.8179,-71.4475,4.4,2
64.4264,-146.727,3.1,1
-54.0039,6.4852,4.7,0
18.4335,-73.4822,7.2,0
16.7529,-91.2759,4.2,0
-20.5696,-175.8821,4.3,0
37.9846,141.8271,4.3,2
-28.6347,-177.8116,4.5,0
-0.7104,133.5353,4.8,0
-22.4873,-70.3807,4.7,2
25.9913,128.5497,4.9,0
35.12083333,-95.34183333,3.04,1
-7.8681,-13.5469,4.5,0
55.0371,-157.6473,4.8,0
51.575,-176.7583,3.1,1
11.3535,-87.9121,4.1,0
41.5557,20.271,4.2,0
-30.3336,-177.7339,4.7,2
5.7876,127.482,4.4,0
8.4265,126.6748,4.5,2
15.4643,-104.0709,4.3,0
18.8155,-67.3516,3.19,1
53.3018,-161.5849,3.1,1
-5.215,145.5469,4.5,0
24.7784,-109.0983,4.1,0
-0.0806,97.3847,4.3,0
1.5979,66.8082,4.6,0
31.4663333,-114.3305,3.22,1
-3.7623,101.8745,5.0,2
-28.9309,-177.1144,4.6,0
-20.6757,-175.3475,4.7,0
31.63489585,-104.0020069,4.0,1
-37.6575,179.7471,4.7,0
55.9459,113.5616,4.1,0
-6.3076,130.4516,4.8,2
-16.7075,-168.8394,5.8,0
0.1882,97.0103,4.3,0
31.67505059,-104.3879085,3.1,1
-21.9988,170.1219,4.6,0
-56.9333,-25.2195,5.2,0
9.562,-84.7757,5.0,0
38.0568,142.3068,4.2,0
-15.4454,-173.192,4.8,0
29.2723,129.3868,4.6,0
18.8883,-65.3191,3.39,1
-14.9188,166.7031,4.7,0
18.7646666666667,-65.8241666666667,3.06,1
9.058,93.9052,5.0,0
13.1705,-89.5257,4.2,2
-3.4993,145.9811,4.8,0
9.0375,126.4317,4.9,2
22.0715,121.6904,4.6,0
-3.5339,131.0149,4.5,0
51.5507,16.1918,4.3,0
28.1099,105.0299,4.5,0
51.5625,-175.7861,3.6,1
-31.5873,-178.5867,4.3,2
36.1616,36.0251,6.3,0
18.8606,-67.6975,3.51,1
-29.1357,-176.6997,4.6,0
18.125,-64.1631,3.42,1
19.194,-155.491666666667,3.22,1
23.9586,122.464,4.4,2
23.6397,121.4463,4.3,0
14.7711,54.6492,4.2,0
25.3645,142.4744,4.8,0
5.9471,127.1757,4.4,2
18.0731666666667,-67.0983333333333,3.03,1
45.406,16.3169,4.2,0
-26.8266,-114.2904,5.0,0
-23.4805,171.8115,4.5,0
-14.5448,168.1003,4.9,0
26.8427,55.2921,4.0,1
-58.3277,-24.9927,5.1,0
54.5591,-159.5433,3.2,1
36.36816667,-98.16983333,3.05,1
54.8741,163.221,5.1,0
37.8976,26.0127,4.1,0
23.5048,121.542,5.5,0
18.5792,-73.3417,4.5,0
-16.6425,-73.7836,4.2,2
7.0764,127.109,4.3,0
-56.8399,-24.0136,5.9,0
61.3633,-150.0297,3.1,1
2.6438,128.7591,4.8,2
19.1575,-66.2291666666667,3.41,1
-58.6607,-24.9317,4.6,0
23.0891,120.981,4.5,0
8.3541,-82.8495,4.4,0
72.2987,-133.0858,5.2,0
13.3157,50.4083,4.3,0
54.5006,-163.2566,4.2,0
19.0356,-67.7531,3.63,2
24.8767,122.5482,4.2,0
-23.2063,170.7423,7.7,0
55.9674,162.7364,4.6,2
54.758,-156.1286,4.2,0
53.514,-162.7485,3.4,1
59.2588,-154.6393,3.7,1
-30.1171,-176.8782,4.4,0
30.4453,131.4185,4.6,2
31.9246,92.9151,5.7,0
17.9681,-66.9628,3.03,1
-61.7374,-55.1889,4.8,0
-58.8179,-25.2548,4.2,2
53.8201,-35.1544,5.5,0
28.9958,142.2086,4.9,0
42.1906,68.8978,4.3,0
16.2481,-97.1273,4.9,0
-55.7936,-30.1043,4.5,0
14.2378,145.9477,4.1,2
14.2886,123.1735,4.6,0
54.6453,-159.6655,3.3,1
61.5032,-149.869,4.0,2
52.2288,176.6895,3.9,1
64.3663,-147.4416,4.1,0
-0.1874,124.442,4.5,2
54.0107,-35.0883,4.6,0
6.4403,133.8017,4.6,0
37.7753,101.243,4.4,0
19.4895,-155.267166666667,4.0,0
-5.5048,-80.9415,4.2,2
18.9263,-67.1918,3.17,1
17.1952,120.5564,4.5,0
3.6089,126.9356,4.5,2
-15.1519,66.7698,4.6,0
17.967,-66.7696,3.35,1
70.4438,-15.1656,4.2,0
-58.1336,-25.3308,4.6,2
-52.9217,20.2472,4.2,0
-31.1642,-178.9115,4.3,0
44.6511,-127.3972,3.7,1
-23.0979,172.0875,4.6,0
-4.9159,68.5238,5.1,0
55.5014,-156.6792,4.0,1
10.2576,93.8591,4.3,0
4.3848,126.3899,4.7,2
23.8378,121.4731,4.3,0
38.1698,38.4896,4.2,0
50.3947,-175.5595,3.7,1
51.2451,-178.0013,3.9,2
1.5787,126.7041,4.1,2
-25.3437,-176.3464,4.6,0
-31.8578,-68.9974,4.4,0
-6.8166,150.6399,4.1,0
54.2198,-159.8423,3.1,1
-11.611,116.8552,4.3,0
5.9432,127.0762,4.1,2
35.674,-97.42216667,3.29,1
38.0112,37.4148,4.5,0
18.466,-73.3389,4.4,0
52.0114,178.2397,3.3,1
54.8862,-158.8015,3.3,1
29.8002,50.4937,4.9,0
-20.6836,-175.3467,4.4,0
16.3636,122.276,4.3,0
-20.3379,-173.5872,4.9,0
17.9438333333333,-66.6875,3.1,1
38.9958,70.4547,4.5,0
-31.472,-178.0509,4.8,2
17.4203,122.3945,4.7,0
-31.6836,-72.2798,4.3,2
26.8606,126.4361,5.6,0
55.2428,-157.347,4.4,0
-23.1863,170.6153,4.1,0
13.4666,-92.0178,4.3,0
65.5367,-164.8169,3.3,1
21.1024,99.8624,4.9,0
-4.5654,138.446,4.3,0
33.0329,69.4451,4.3,0
2.7848,127.0118,4.2,2
37.9227,38.0613,5.0,0
-29.3293,-176.7186,5.0,0
36.1586,142.1403,4.9,0
-15.5963,-173.3434,4.3,2
-50.1368,119.9632,4.5,0
34.1638,100.4546,4.8,0
38.0051,36.42,4.6,0
-8.9712,110.8955,4.3,2
17.9563,-66.969,3.01,1
39.8267,41.9223,5.1,0
-22.8949,170.8294,4.2,0
19.4885,-64.296,3.81,2
43.0089,-127.507,3.5,1
-54.8444,-28.466,4.5,0
17.4186,-93.787,4.0,1
37.8234,20.7651,4.5,0
35.0445,-118.9958333,3.51,1
-61.0811,154.2137,5.9,0
-29.3132,-176.9268,4.9,0
26.5445,54.222,4.0,1
-1.9016,140.5378,5.3,0
12.0116,142.9739,4.1,2
11.7324,144.4544,5.3,0
1.1724,126.3169,4.6,0
54.7921,-160.0161,3.3,1
-37.1851,52.6247,4.1,0
66.4669,-17.8436,4.5,0
51.6375,-175.3,4.1,2
24.3765,123.465,4.8,0
36.6046667,-121.2093333,3.28,1
-29.3445,-176.3447,4.6,0
44.2439,-129.511,4.8,0
-55.4201,-1.8131,5.0,0
-32.1,-71.3767,4.4,2
-26.2246,-13.741,4.6,0
-2.8745,129.8751,4.4,0
-56.8301,-24.5757,4.5,0
31.64915374,-104.2157299,3.2,1
-4.9724,68.3112,4.5,0
37.3595,36.8701,3.9,1
-15.6087,-74.0013,4.2,2
-58.7978,-23.4739,4.4,0
25.2813,-45.6965,4.6,0
22.7942,-82.9632,4.7,0
-14.988,167.9446,5.4,0
7.4024,-82.7809,4.5,0
29.6097,51.3958,4.5,0
-27.1053,-65.5815,3.3,1
23.1191,121.4138,6.5,0
-56.8151,-25.0532,4.3,0
-27.289,-176.2629,4.4,0
40.7866,30.9174,4.2,0
12.0667,123.7213,4.6,0
0.4188,97.0612,4.2,0
44.148,148.4973,4.2,2
-20.2736,-70.2774,4.0,2
51.6238,-175.2443,3.1,1
21.076,146.2461,4.3,0
18.9051666666667,-155.197333333333,3.09,1
60.3744,-28.7975,4.4,0
12.4315,48.3762,4.9,0
18.499,-73.653,4.4,0
35.9595,30.9178,4.8,2
11.5371,-86.761,4.2,2
57.3197,-150.0386,3.7,1
4.2473,126.4922,4.3,2
22.6028,121.2801,3.9,1
-31.8126,-72.1902,4.6,0
-16.8787,130.0865,4.3,0
38.0799,36.5452,4.2,0
35.6275,140.2716,4.2,2
51.5126,-175.7589,3.1,1
-5.7268,146.4573,4.8,2
56.4944,-34.2028,4.5,0
-30.1861,-177.6636,4.4,2
4.1851,125.4314,5.3,0
10.4322,125.0469,4.3,2
25.4501,141.3082,4.3,2
19.4506,-63.3943,3.6,1
-59.7384,-26.0106,4.7,2
12.8271,121.4055,4.7,2
-30.0378,-177.6339,4.8,0
28.6672,128.4026,4.3,0
-22.8492,171.9752,5.0,0
-62.0549,164.685,4.6,0
31.0441,142.2498,4.4,0
-5.2611,125.585,6.2,0
-46.9963,-74.2728,4.3,0
15.533,119.6533,4.4,2
53.1527,-167.081,3.9,2
31.59192553,-104.0015346,4.093029702,0
37.8531,141.8176,4.7,2
9.823,123.7196,4.5,0
-58.4329,-23.609,4.9,0
14.6448,147.2054,4.3,0
38.0666,36.4607,4.2,0
43.7326,-128.3514,4.1,0
-28.7492,-176.0,4.7,0
35.5067,26.3136,4.3,0
20.5681,121.1936,4.2,2
27.3842,141.2217,4.1,2
54.1818,-159.6829,3.7,1
32.7855,140.6343,4.4,2
38.7153,20.7278,4.4,2
71.4873,-135.2136,3.2,1
55.161,-156.901,4.4,2
5.9682,127.1991,5.2,2
45.4,81.303,4.0,2
-45.6504,167.7216,4.3,0
53.3262,-161.8204,3.2,1
-15.76,167.5257,4.9,2
-5.2304,125.5654,4.6,0
-61.6897,-55.5055,4.9,0
-36.9187,78.3274,5.9,0
-55.8326,-26.2969,4.6,0
-58.2147,-23.7523,4.5,0
-22.2948,173.454,4.4,0
0.2242,96.701,4.9,0
-2.4515,115.8883,4.1,0
18.0215,-67.9641,3.56,1
23.9689,122.4801,4.3,0
45.36,150.3182,4.7,2
48.9236,87.9712,4.4,0
28.4443,142.3487,4.3,0
5.9216,127.19,4.2,2
18.8442,147.034,4.5,0
-48.8715,31.1564,4.7,0
37.9389,37.6611,5.4,0
38.0402,38.2553,4.5,0
1.8117,99.0261,4.3,0
44.1703,-129.6077,3.7,1
38.3575,23.2883,4.1,0
-46.9097,33.3493,4.9,0
12.9587,-87.3287,4.8,0
64.0769,-22.3783,4.3,0
10.4106,125.1304,4.9,0
-33.6233,-72.0504,4.7,0
39.7819,39.0541,4.2,0
-41.0747,-91.2729,5.4,0
-55.7137,147.3366,5.8,0
55.6787,-149.1232,3.3,1
0.8935,-28.3174,5.1,0
55.6722,-154.4428,4.7,0
54.6099,-160.9884,3.6,1
19.2643,-64.8191,3.74,1
39.7265,20.6544,4.3,0
50.0217,-177.4148,3.6,1
9.0401,-71.1107,4.2,0
38.0858,38.451,4.2,0
-46.8218,165.609,4.7,0
-6.35,102.1972,4.3,0
-7.7819,-13.5651,4.6,0
19.3883,-63.1808,4.0,1
-38.2361,-93.5593,5.2,0
62.2419,-149.6064,3.3,1
53.1461,-166.7506,3.3,1
1.7571,126.5689,4.3,2
23.1661,121.443,4.5,2
-6.5253,131.2612,4.5,2
18.7406666666667,-65.598,3.37,1
52.6361,-168.7251,3.2,1
12.4356,48.2347,4.4,0
-58.6462,-24.9091,4.7,0
-38.1899,-93.8455,5.3,0
-40.9107,-91.7382,5.0,0
9.0979,93.9434,4.6,0
-29.6284,-71.2502,3.8,1
15.235,96.2152,4.6,0
-10.8557,164.3803,4.5,0
-33.4772,-72.2903,4.0,1
40.8603,48.2506,4.2,2
-45.7059,-76.9409,4.4,0
19.1785,121.1152,5.2,0
-23.2428,171.0634,5.2,2
52.4157,-167.7223,3.1,1
-31.8711,-68.9032,4.4,0
-38.0692,-93.898,4.5,0
-55.7984,-27.3574,4.5,2
-2.0062,125.9262,4.9,0
40.2078,142.4312,4.3,2
51.9236,178.2056,3.4,1
18.5268,-74.0265,4.5,0
10.5039,-86.1629,4.3,2
-1.0061,137.2045,4.7,0
-9.4793,149.8333,5.5,0
6.5205,127.0703,4.3,0
-34.5887,-73.1023,4.1,0
32.2117,54.9655,4.1,0
-20.89,-173.8294,4.5,0
-57.8941,-25.151,4.4,2
37.2923,15.8837,4.0,1
-59.0061,-24.6057,4.7,0
55.1436,-157.2855,3.3,1
-10.6278,161.5835,4.2,2
19.544,-65.772,3.78,1
44.1741,-129.1405,4.2,0
38.5391667,-119.4775,3.06,1
65.1536,-16.4471,4.3,0
54.9753,-159.3049,3.5,1
-38.2073,-93.8539,4.9,0
54.2025,-159.6723,4.1,0
34.9229,91.0351,4.4,0
35.3951,89.2934,4.3,0
26.8566,126.4128,5.6,0
37.9256,38.192,4.0,1
2.3543,96.2094,4.8,0
44.1224,-129.0603,3.5,1
-5.1838,-80.7118,4.5,2
-30.6975,-177.26,4.5,0
-18.4357,-71.0625,4.2,2
-7.671,122.3684,4.5,0
37.671,141.6793,4.3,2
23.3927,121.457,4.7,0
-14.1173,-169.4787,3.1,1
40.3233,74.7618,4.1,0
16.2753,-96.3774,5.3,2
24.817,122.5883,4.4,0
44.4746,148.9368,4.2,2
17.9646,-66.948,3.81,1
-14.7795,166.5857,4.9,0
36.0259,143.0997,4.6,0
-6.3286,153.9059,4.4,0
36.5574,144.214,4.4,0
51.1976,100.3543,4.2,0
2.2409,129.2796,4.4,0
39.606,143.6959,5.1,0
23.0516,121.4387,4.7,0
26.8888,126.6171,4.2,0
-1.6677,-13.5518,4.5,0
-16.5999,-74.0539,4.5,0
-8.1791,117.3926,4.8,0
-32.6185,-178.876,4.6,2
53.1591,-166.7219,3.4,1
-59.5675,-25.3087,4.4,0
-17.8329,167.4451,5.2,0
27.7199,85.4181,3.6,1
-8.1102,120.638,4.3,0
-8.4015,160.3855,5.1,0
37.2286,37.0909,4.0,1
7.7723,-75.2486,3.9,2
-8.965,157.7951,4.9,0
5.0769,126.8989,4.4,2
-29.7191,-177.6051,5.0,0
-2.4435,140.2447,4.6,2
54.8866,-157.0729,3.2,1
56.1285,-149.8232,3.2,1
-29.7986,-71.5987,4.2,2
12.8716,120.9142,5.4,0
26.8968,126.4522,5.1,0
17.9326,-67.1181,3.34,1
-15.0337,-176.5679,4.9,0
55.0582,-159.3079,3.1,1
51.7411,-173.3924,5.1,0
50.7905,-172.884,3.8,1
51.5454,-173.3016,3.3,1
51.3881,-173.5887,3.8,2
44.4353,-128.9611,4.3,0
6.592,85.0001,4.6,0
-10.1625,115.8208,4.3,2
56.2275,-157.9239,3.2,2
30.06,70.3286,4.5,0
19.5585,-65.46,3.58,2
79.0535,2.3413,4.6,0
-43.0282,173.3317,4.4,0
-44.3154,-78.4195,4.5,0
-61.1815,-27.2444,4.6,0
29.3753,142.6438,4.4,0
41.6366,81.1837,4.0,1
52.5155,160.2644,4.3,2
-33.9857,56.1717,4.6,0
1.9519,-97.8908,4.8,0
53.8551,-35.3926,4.6,0
51.3168,100.4052,4.3,0
13.9338,119.9211,4.8,2
-29.8892,75.399,4.5,0
27.2747,55.296,4.0,1
18.9213,-67.4468,3.41,1
35.7353,79.9423,4.2,0
13.6942,92.7449,4.6,0
-30.2783,-177.5676,4.6,0
-3.3136,130.8069,4.3,0
-0.1482,120.3173,4.0,1
-29.7657,75.3566,4.6,0
-10.9286,111.7281,4.1,0
32.3249,97.2068,4.0,1
24.8799,93.3739,4.2,0
-20.9932,-174.2489,4.9,0
-27.7334,-176.3547,4.8,0
-20.291,-174.5431,4.4,2
11.8554,142.2329,4.5,2
-23.2307,171.7867,5.3,0
8.4527,125.9314,4.4,2
33.4333,141.4589,4.6,0
26.7815,55.3215,4.2,0
37.3748,141.6836,5.4,0
-5.114,68.5485,4.8,0
-28.6511,-178.8388,4.6,0
18.7857,-107.5949,4.4,0
53.2331,-165.0944,3.2,1
-32.2383,-179.0992,5.3,2
10.5424,125.376,4.3,0
62.1393,-153.128,3.2,1
-42.4604,173.8611,4.1,0
55.9364,-150.2406,3.2,1
53.2756,-35.5116,4.5,0
19.5611,-66.2231,3.36,1
-15.2105,-173.0353,4.9,0
19.1516666666667,-67.276,3.41,1
36.3665,27.0431,4.5,0
-32.7799,-178.9952,5.1,2
12.9776,-87.9881,5.2,2
24.2869,126.5489,4.5,0
-20.1695,-70.5728,4.1,2
13.1834,-89.1872,3.7,2
-58.8205,-24.9866,4.8,2
53.5375,-164.8159,3.9,2
9.4362,126.5212,4.3,2
-7.3752,156.3605,4.6,0
-22.8294,170.5074,4.2,0
